Cust_ID;Email_Clicks;SM_Comments;App_Clicks;SM_Likes;SM_Shares;SM_Clicks
4;72;1;7;7;1.0;73
5;15;20;1;35;15.0;16
6;9;7;3;73;19.0;10
9;67;0;2;0;1.0;101
10;38;0;1;9;0.0;56
11;66;1;4;7;1.0;93
12;12;7;3;31;14.0;8
15;60;2;5;1;2.0;57
18;5;12;1;38;26.0;12
19;11;12;2;81;14.0;18
20;66;2;5;1;1.0;65
21;13;17;3;29;24.0;6
24;15;14;1;16;7.0;15
25;23;0;78;5;1.0;2
28;8;15;0;31;;8
30;45;0;3;10;0.0;87
31;73;0;0;0;0.0;77
33;26;2;40;5;2.0;15
35;12;19;0;32;15.0;9
36;7;21;1;60;25.0;8
42;38;2;6;6;1.0;74
43;79;1;1;10;1.0;63
44;18;13;0;81;8.0;9
45;73;2;6;7;2.0;76
46;4;24;1;76;17.0;15
48;5;11;2;67;22.0;5
50;2;4;124;3;1.0;1
58;7;13;1;76;22.0;17
59;19;15;1;21;23.0;19
61;59;2;4;2;0.0;66
62;11;24;5;43;25.0;17
63;10;10;3;81;16.0;19
65;17;22;4;88;8.0;6
66;33;0;90;1;2.0;0
67;5;24;0;20;7.0;6
68;5;9;0;50;11.0;18
72;33;1;0;10;1.0;96
73;13;13;0;20;17.0;11
74;3;21;0;35;15.0;2
75;10;14;2;67;21.0;5
77;0;4;49;0;2.0;8
79;84;1;5;3;2.0;74
80;29;1;60;0;1.0;8
81;39;0;0;5;0.0;67
84;0;4;119;7;1.0;1
85;1;2;60;0;0.0;1
86;18;15;0;35;25.0;10
91;3;22;1;29;15.0;8
92;2;1;90;4;1.0;2
94;19;13;4;78;15.0;1
95;35;2;6;8;1.0;63
97;57;2;4;9;1.0;97
98;62;2;4;11;0.0;101
100;18;10;1;31;22.0;8
101;14;20;5;64;21.0;15
102;6;15;4;46;16.0;0
103;4;13;2;62;;14
104;12;15;0;30;7.0;12
105;7;15;1;29;13.0;15
110;79;2;0;4;1.0;75
112;16;1;86;1;0.0;18
114;3;7;0;78;23.0;7
115;45;0;6;11;2.0;88
116;13;2;41;5;0.0;21
117;4;16;1;34;25.0;18
118;29;2;95;2;0.0;5
119;16;1;58;0;1.0;13
123;11;21;4;52;18.0;10
124;0;20;2;45;22.0;16
125;15;1;66;1;1.0;8
127;17;14;4;40;25.0;5
128;2;22;3;38;11.0;0
129;5;14;5;35;21.0;8
131;61;0;6;11;2.0;97
132;47;1;4;11;2.0;69
134;25;1;119;2;0.0;8
137;66;1;5;2;0.0;60
138;31;3;96;1;0.0;19
141;8;21;2;37;12.0;12
142;12;2;44;0;2.0;8
146;51;1;4;1;0.0;69
147;18;14;5;69;24.0;2
148;23;0;82;4;;15
149;14;24;0;42;24.0;1
150;17;10;1;60;19.0;19
152;84;0;7;7;1.0;80
153;7;10;2;87;9.0;6
155;28;4;89;6;1.0;11
156;42;2;3;7;2.0;53
159;33;2;4;6;0.0;54
160;2;8;3;78;9.0;2
161;6;10;3;61;23.0;11
162;32;1;7;2;0.0;94
163;2;14;2;52;25.0;5
164;8;16;3;15;18.0;13
165;30;1;3;5;0.0;67
166;9;4;59;5;1.0;11
167;9;9;5;53;13.0;19
168;86;2;4;6;2.0;71
171;4;18;2;55;12.0;7
173;17;11;0;83;7.0;11
176;38;0;3;5;2.0;54
177;6;7;3;20;13.0;16
178;7;11;3;50;20.0;3
179;13;8;0;37;21.0;17
184;28;1;42;3;2.0;11
185;16;24;0;26;21.0;5
186;16;12;2;52;19.0;11
187;36;3;118;4;1.0;7
188;52;1;6;5;2.0;71
189;16;1;61;5;2.0;17
190;15;12;1;17;22.0;17
192;24;0;1;11;2.0;81
193;31;2;4;1;1.0;51
195;9;24;0;22;15.0;3
197;68;1;5;6;0.0;71
198;22;1;54;5;2.0;20
202;26;2;123;0;;11
203;9;20;0;80;7.0;9
204;23;0;1;2;0.0;82
206;0;8;0;72;10.0;10
207;30;2;122;0;2.0;4
208;20;3;66;3;1.0;19
209;37;2;7;3;2.0;50
210;16;1;66;0;2.0;18
211;39;1;7;1;2.0;96
212;14;3;75;5;0.0;14
213;70;0;2;11;2.0;88
215;7;16;2;15;16.0;13
216;9;14;4;63;22.0;5
217;1;7;1;64;14.0;11
218;75;2;2;6;2.0;75
219;11;2;103;6;0.0;5
220;24;0;2;4;1.0;99
221;12;24;3;78;22.0;0
222;47;1;1;8;0.0;55
224;76;2;1;5;1.0;71
225;11;15;3;29;22.0;9
226;19;1;89;1;0.0;20
228;12;18;3;48;16.0;15
229;15;17;0;88;24.0;0
235;14;20;3;72;9.0;12
236;3;17;1;32;25.0;16
237;14;17;5;68;10.0;8
238;12;0;62;0;2.0;3
239;43;1;0;7;0.0;71
242;6;0;61;7;1.0;7
244;32;0;6;8;2.0;53
245;18;0;126;2;2.0;8
246;16;24;0;67;21.0;6
247;17;12;4;80;24.0;17
248;23;1;7;5;2.0;80
249;15;9;0;28;9.0;5
251;9;11;1;71;24.0;8
252;71;0;0;5;1.0;88
254;36;0;112;3;2.0;7
256;19;20;5;64;;4
257;83;0;4;1;2.0;81
261;20;2;101;0;0.0;5
263;35;1;5;0;0.0;102
264;64;1;6;3;0.0;72
265;18;10;5;47;24.0;15
267;11;3;46;0;2.0;8
269;17;9;2;42;26.0;10
270;13;22;0;78;18.0;16
275;1;22;3;85;18.0;4
276;5;2;109;4;2.0;17
279;10;1;101;6;1.0;1
280;17;23;3;42;15.0;13
283;36;3;122;1;2.0;4
284;80;1;4;7;2.0;92
285;8;14;4;66;21.0;5
288;71;2;4;7;1.0;94
289;48;1;4;9;2.0;79
290;75;2;1;4;2.0;94
294;19;20;1;24;26.0;1
296;17;16;3;15;22.0;6
297;12;19;2;63;20.0;5
298;86;1;0;10;2.0;68
299;82;0;0;5;1.0;95
301;20;4;64;4;0.0;21
303;19;11;1;61;15.0;6
304;4;12;5;17;21.0;6
305;0;16;1;82;13.0;4
307;16;22;1;88;10.0;6
308;0;21;0;29;26.0;12
309;76;0;5;3;0.0;61
310;9;23;5;37;14.0;19
313;9;21;1;20;;5
314;77;2;4;8;1.0;100
315;76;2;7;5;1.0;99
317;23;0;0;0;2.0;64
318;6;22;4;84;7.0;11
319;52;1;1;0;0.0;64
320;33;2;0;11;2.0;54
322;33;4;43;7;1.0;4
326;2;7;1;77;20.0;14
327;19;9;4;20;17.0;10
328;8;2;40;7;1.0;18
332;22;2;75;3;1.0;6
333;4;3;103;0;1.0;13
334;67;1;2;1;2.0;51
335;32;0;75;1;2.0;13
336;18;18;5;72;26.0;3
337;71;1;5;4;0.0;72
339;30;0;3;11;0.0;68
340;12;12;3;60;8.0;13
343;19;4;69;6;0.0;21
344;18;10;1;32;12.0;6
347;16;20;3;83;24.0;3
348;14;24;1;79;20.0;12
349;5;22;1;71;21.0;5
351;6;16;5;82;8.0;15
352;62;1;3;4;2.0;87
353;2;19;0;29;26.0;18
354;16;16;4;29;7.0;18
355;5;12;5;72;13.0;3
357;14;4;108;1;1.0;9
358;85;0;3;11;1.0;68
360;24;3;50;2;0.0;2
362;1;21;5;38;15.0;14
364;53;0;7;2;;58
365;85;2;5;2;0.0;91
366;11;9;5;64;13.0;1
368;6;24;3;64;8.0;15
369;25;4;68;5;2.0;20
370;40;2;4;2;2.0;72
374;60;1;1;6;0.0;96
375;14;13;2;86;22.0;8
378;12;18;4;42;18.0;17
379;72;0;3;9;2.0;72
380;51;1;6;3;1.0;100
381;63;1;7;3;1.0;68
382;47;0;5;0;0.0;68
383;19;16;4;16;25.0;11
384;16;23;1;20;17.0;15
385;19;1;99;7;2.0;15
386;5;22;0;16;11.0;19
387;18;19;1;32;10.0;11
388;17;4;105;3;0.0;8
392;10;13;1;75;21.0;11
393;9;1;63;0;0.0;7
395;10;9;0;70;22.0;13
396;16;13;3;61;19.0;7
397;29;1;77;4;2.0;9
398;34;1;74;4;1.0;0
399;6;22;0;45;16.0;7
403;28;3;39;3;2.0;1
404;10;17;0;54;8.0;1
405;36;0;96;3;2.0;9
406;16;13;3;55;8.0;9
409;55;1;1;1;2.0;97
410;81;0;4;1;1.0;54
411;5;23;1;39;8.0;2
412;9;24;0;30;15.0;6
415;12;3;96;0;0.0;0
417;16;17;5;31;13.0;9
418;12;2;60;1;0.0;12
419;13;23;4;36;26.0;5
420;50;0;7;1;2.0;72
421;9;20;4;24;16.0;19
423;13;7;5;82;;12
425;17;24;1;43;11.0;8
426;47;0;2;2;1.0;92
427;37;2;7;9;2.0;50
428;27;4;118;2;0.0;17
429;76;2;5;4;2.0;51
431;4;20;1;21;7.0;15
433;30;2;4;8;0.0;72
437;42;2;4;6;1.0;74
439;50;2;6;7;0.0;99
440;20;3;45;4;1.0;8
444;85;2;0;5;1.0;78
445;41;0;2;8;1.0;82
446;7;15;1;15;18.0;1
447;19;12;5;80;22.0;17
449;29;4;115;5;2.0;17
451;71;2;5;2;1.0;95
452;15;1;113;5;1.0;14
457;17;0;119;7;2.0;8
462;17;2;77;6;0.0;0
463;36;3;57;0;1.0;19
465;17;7;2;72;26.0;13
466;75;0;5;3;2.0;74
467;16;7;4;19;7.0;2
468;15;22;5;50;24.0;4
469;13;19;1;61;19.0;11
470;0;12;4;21;13.0;2
471;0;21;1;38;18.0;5
472;18;13;1;28;24.0;11
474;84;2;7;8;0.0;68
475;11;19;4;68;21.0;15
476;58;2;0;0;1.0;66
477;45;1;4;8;0.0;80
478;4;15;0;18;26.0;3
483;15;9;0;22;24.0;9
485;4;24;0;80;14.0;13
486;12;10;4;42;;13
487;12;7;0;88;17.0;4
491;51;0;0;7;0.0;90
493;17;19;4;40;15.0;5
494;12;8;2;55;25.0;10
495;51;1;6;10;0.0;63
497;6;19;1;54;17.0;12
498;25;2;4;3;2.0;67
499;22;0;95;7;2.0;18
500;36;1;4;0;2.0;87
501;16;22;2;57;22.0;18
502;15;15;1;79;12.0;16
503;10;14;0;38;18.0;12
506;3;4;59;0;0.0;0
509;17;21;1;64;11.0;7
510;6;8;4;24;22.0;17
511;57;2;4;8;1.0;93
512;0;23;5;88;18.0;6
513;14;7;3;30;7.0;1
514;85;0;0;7;2.0;95
517;74;2;5;10;2.0;63
518;86;2;3;8;0.0;54
520;18;14;2;68;10.0;15
523;32;1;1;6;1.0;54
524;9;0;94;2;1.0;20
525;17;0;114;4;1.0;14
527;61;0;7;1;1.0;77
528;18;3;90;5;1.0;21
530;4;22;4;61;23.0;0
532;7;9;0;37;7.0;3
533;13;24;2;60;16.0;0
535;10;10;5;24;8.0;18
537;15;4;115;5;2.0;16
539;16;10;1;52;25.0;13
540;78;2;2;5;0.0;84
541;9;18;2;82;23.0;4
543;28;4;62;4;;8
546;15;13;1;42;14.0;17
547;65;1;7;2;2.0;84
549;1;1;69;2;2.0;17
550;25;1;5;1;1.0;63
551;5;12;5;54;7.0;12
552;26;1;5;7;0.0;81
553;31;0;111;1;1.0;16
554;15;21;4;48;19.0;3
556;6;11;5;17;26.0;12
558;71;0;6;0;2.0;96
559;3;14;0;67;20.0;7
560;3;22;5;83;13.0;18
561;11;18;0;56;23.0;13
563;19;0;47;4;0.0;19
564;11;7;1;81;22.0;15
565;2;8;4;56;7.0;15
566;14;17;3;75;12.0;1
568;17;23;2;42;21.0;17
569;11;2;48;0;1.0;1
571;19;20;4;81;7.0;7
573;12;11;2;73;16.0;4
574;29;4;44;4;1.0;9
575;13;20;0;43;9.0;12
576;25;1;81;1;2.0;10
577;36;1;4;4;1.0;52
578;12;1;83;7;0.0;9
579;9;20;1;42;8.0;15
580;69;0;7;2;0.0;63
582;4;3;68;0;2.0;1
583;6;23;5;74;7.0;10
584;5;7;5;79;25.0;19
585;11;13;1;64;26.0;15
586;35;3;75;7;1.0;16
589;1;21;1;88;22.0;5
590;34;4;61;5;1.0;6
591;35;3;127;5;0.0;17
593;9;19;2;56;11.0;3
594;5;4;124;3;0.0;0
595;14;1;52;6;1.0;2
596;21;2;56;5;1.0;12
597;43;2;6;8;0.0;64
598;34;0;6;0;1.0;75
599;51;0;6;4;2.0;57
601;25;2;5;2;1.0;53
602;28;1;1;5;2.0;56
603;27;3;61;4;1.0;15
605;36;0;70;6;0.0;3
606;83;1;5;4;0.0;96
607;5;2;47;3;2.0;16
608;82;1;5;8;0.0;91
610;16;21;4;84;23.0;12
611;24;2;65;3;2.0;20
613;81;2;2;8;0.0;73
614;80;1;3;0;0.0;62
615;10;13;5;30;12.0;17
616;7;16;5;27;26.0;14
617;43;2;1;7;0.0;102
618;8;20;1;38;19.0;15
620;14;3;82;7;2.0;3
621;15;4;46;3;1.0;10
626;1;18;3;32;20.0;3
627;6;23;2;43;22.0;9
628;80;1;1;7;2.0;70
629;35;1;1;11;0.0;90
630;15;13;1;80;17.0;2
631;7;10;2;78;10.0;5
632;15;10;3;20;26.0;18
633;14;23;5;61;10.0;3
637;1;7;2;72;10.0;0
640;10;18;3;70;13.0;13
641;15;3;48;6;0.0;17
642;22;2;78;7;;13
643;14;12;1;78;17.0;9
644;5;2;73;7;0.0;19
646;48;2;4;5;2.0;81
647;79;0;1;6;0.0;77
648;1;24;4;85;8.0;15
649;50;1;2;3;2.0;78
653;66;0;4;2;1.0;81
654;32;0;124;5;0.0;3
655;27;1;3;8;2.0;54
658;65;1;3;7;1.0;64
661;23;0;2;8;2.0;74
662;32;1;55;3;1.0;6
664;6;21;3;59;13.0;14
665;5;17;1;32;11.0;7
667;8;15;4;62;18.0;5
668;8;20;5;82;13.0;8
669;9;22;3;41;19.0;0
670;9;20;2;43;15.0;6
671;38;2;4;11;2.0;53
673;7;20;1;66;22.0;18
680;67;0;0;3;0.0;96
681;61;1;0;11;2.0;95
682;4;2;53;1;1.0;0
684;18;15;4;66;13.0;3
685;19;3;123;3;2.0;13
689;14;19;1;67;15.0;14
691;6;21;0;57;22.0;8
692;12;21;5;75;9.0;4
693;6;21;1;35;18.0;14
694;69;2;2;5;1.0;85
696;7;9;4;18;13.0;3
697;15;14;3;73;11.0;2
698;16;22;1;87;24.0;1
700;8;10;2;22;10.0;8
701;24;1;3;7;0.0;76
704;49;0;4;3;;77
706;22;2;122;6;0.0;2
707;6;7;4;82;25.0;6
709;2;0;114;0;0.0;19
711;17;20;1;83;13.0;17
712;8;24;5;56;7.0;17
714;77;0;2;1;1.0;76
716;8;15;4;46;7.0;6
717;7;16;3;60;16.0;0
718;37;2;5;5;1.0;70
720;7;8;1;59;24.0;0
721;4;8;3;80;22.0;13
722;41;1;7;8;2.0;56
723;84;0;0;1;2.0;85
724;35;0;3;8;1.0;88
726;52;0;6;11;1.0;88
727;3;2;98;1;1.0;6
729;66;1;3;11;0.0;89
730;39;0;1;0;1.0;88
732;9;12;5;84;8.0;10
733;6;23;2;78;19.0;14
734;0;11;1;32;7.0;14
735;57;2;0;3;2.0;96
736;16;20;2;46;19.0;16
738;43;2;6;5;0.0;85
741;10;13;5;60;24.0;13
742;22;4;71;1;0.0;19
743;84;0;2;8;0.0;99
745;3;23;2;81;25.0;12
746;48;0;0;0;2.0;86
748;60;0;6;8;1.0;56
749;19;10;5;80;25.0;2
755;10;20;2;17;12.0;11
756;11;8;1;24;17.0;14
758;23;1;7;10;2.0;90
759;3;8;4;26;18.0;4
761;20;0;63;7;0.0;4
765;26;0;0;8;0.0;94
766;4;21;0;39;17.0;15
767;84;0;6;0;2.0;77
768;22;3;119;2;2.0;12
769;57;0;6;8;1.0;72
770;30;0;1;5;1.0;75
771;10;18;1;50;19.0;5
773;11;20;4;40;25.0;17
774;77;0;3;9;2.0;87
775;84;0;4;7;1.0;83
776;7;11;5;18;23.0;1
777;18;2;76;0;2.0;4
780;15;0;112;5;0.0;17
783;0;14;1;33;22.0;16
784;35;1;44;3;;9
785;29;2;2;7;0.0;58
787;14;10;5;86;15.0;1
789;8;11;2;76;14.0;16
790;24;2;7;2;2.0;100
791;7;19;2;33;24.0;18
792;18;13;0;42;10.0;16
793;82;1;0;10;2.0;97
795;16;21;3;15;19.0;5
797;33;3;48;2;2.0;16
798;14;9;3;76;11.0;10
799;53;0;1;0;0.0;84
800;14;11;4;39;11.0;3
803;23;1;0;5;0.0;90
804;71;2;2;7;1.0;86
805;21;1;75;3;0.0;10
806;12;23;5;87;14.0;10
807;15;13;3;48;15.0;19
808;77;0;3;11;1.0;58
809;11;10;4;38;16.0;12
812;8;1;78;2;0.0;18
813;2;8;2;25;21.0;14
814;13;16;0;67;19.0;14
815;44;0;4;2;0.0;57
816;16;23;3;71;12.0;2
820;35;1;6;3;1.0;79
822;78;0;3;5;1.0;79
823;45;0;3;2;2.0;86
824;49;2;0;11;2.0;63
825;16;18;1;21;19.0;15
827;12;24;0;70;13.0;16
828;0;14;2;62;18.0;5
830;14;14;1;67;12.0;6
831;24;0;96;5;0.0;14
832;4;3;116;4;1.0;7
833;29;1;70;7;2.0;9
834;12;10;0;27;10.0;2
835;19;0;127;0;1.0;18
838;15;1;95;5;1.0;10
841;16;3;103;4;0.0;4
842;35;4;112;5;0.0;16
843;32;1;107;7;0.0;15
846;9;12;2;32;16.0;16
847;85;1;6;6;0.0;92
849;80;1;5;10;0.0;81
852;8;3;59;5;2.0;2
853;28;3;60;5;0.0;7
854;7;24;0;78;9.0;11
856;20;0;48;6;;1
857;5;20;2;53;7.0;17
858;2;20;0;54;18.0;1
859;5;20;5;19;16.0;17
860;6;13;4;88;9.0;15
861;11;8;2;18;26.0;13
866;5;19;1;47;15.0;9
872;62;1;6;2;1.0;62
875;4;18;2;85;21.0;1
876;13;13;1;26;17.0;7
878;4;22;4;54;14.0;14
879;25;2;4;3;0.0;87
882;63;1;1;0;2.0;68
883;13;21;3;85;22.0;1
884;26;1;5;4;1.0;69
885;12;15;0;81;20.0;2
887;18;22;0;72;22.0;7
888;6;10;0;16;10.0;8
889;21;4;47;7;0.0;10
890;67;0;2;1;1.0;90
891;4;14;3;51;8.0;18
893;31;2;1;7;1.0;81
895;15;18;1;87;8.0;0
896;14;8;4;27;11.0;15
897;30;2;60;4;2.0;19
900;26;0;41;2;;11
901;4;21;4;58;19.0;3
902;84;1;6;0;1.0;51
903;13;16;1;51;18.0;17
904;19;7;3;74;11.0;3
905;49;2;1;1;0.0;60
909;13;14;2;15;24.0;0
910;7;11;5;34;14.0;13
912;1;20;2;64;13.0;4
913;40;0;4;10;0.0;61
914;15;9;5;35;25.0;6
916;7;8;2;59;16.0;7
917;2;16;4;84;20.0;6
918;75;0;7;8;2.0;50
919;46;1;6;5;2.0;86
920;18;1;45;6;0.0;3
921;11;10;4;88;15.0;5
923;55;2;0;5;1.0;80
925;61;2;0;11;1.0;99
926;9;22;5;21;24.0;9
927;30;4;38;4;2.0;6
928;48;1;5;11;1.0;84
929;18;16;4;29;12.0;18
934;8;12;0;65;19.0;0
935;75;2;3;10;0.0;64
937;18;23;2;21;19.0;17
938;8;24;4;37;9.0;7
939;35;1;51;6;2.0;7
941;27;1;6;2;0.0;77
944;24;1;64;4;1.0;10
945;13;12;0;47;18.0;16
946;11;13;4;65;;4
948;6;15;5;17;24.0;7
949;16;20;1;17;15.0;6
952;36;2;58;2;2.0;4
956;4;20;4;15;17.0;15
957;4;14;3;57;17.0;14
958;18;17;0;66;25.0;19
959;15;14;5;70;19.0;12
960;16;16;4;62;24.0;9
961;34;0;1;2;2.0;80
963;14;21;3;54;22.0;3
964;17;24;4;49;25.0;13
965;5;18;1;31;14.0;8
966;35;3;109;0;0.0;10
967;30;0;67;0;1.0;21
968;8;13;2;41;19.0;9
969;11;2;54;2;0.0;21
970;71;2;7;11;0.0;72
971;1;23;4;80;18.0;3
972;11;22;4;76;10.0;12
973;78;0;0;2;1.0;77
974;11;11;4;70;21.0;10
976;75;1;5;3;0.0;51
977;10;1;81;7;0.0;7
978;77;2;6;1;2.0;93
981;37;0;7;5;1.0;72
983;12;23;2;55;21.0;9
984;31;1;7;0;0.0;54
987;12;23;3;50;25.0;9
988;1;8;5;46;24.0;14
989;52;1;6;4;0.0;102
990;10;1;98;2;0.0;10
992;12;16;5;21;19.0;5
993;29;1;1;6;2.0;68
994;76;0;3;10;0.0;66
995;50;2;7;10;1.0;78
996;17;7;0;59;19.0;15
997;13;21;2;56;9.0;0
999;12;20;4;58;22.0;2
1000;2;9;2;16;7.0;5
1001;77;2;5;11;;61
1002;64;0;3;1;2.0;55
1003;36;0;88;5;2.0;2
1004;32;0;3;5;1.0;50
1006;7;20;4;59;22.0;8
1008;15;17;1;87;23.0;2
1009;13;13;4;20;10.0;0
1010;17;10;4;66;16.0;1
1011;11;24;5;80;9.0;10
1012;5;2;86;4;0.0;15
1013;6;11;2;58;26.0;5
1014;19;16;5;79;10.0;10
1016;11;22;3;39;12.0;10
1017;7;0;64;6;0.0;3
1018;13;18;1;76;8.0;10
1019;14;16;0;36;19.0;7
1022;14;11;0;77;20.0;2
1024;84;2;5;8;2.0;75
1025;33;3;105;6;0.0;17
1027;78;1;0;11;2.0;57
1028;19;21;1;76;12.0;16
1030;17;10;2;33;26.0;5
1032;6;11;2;55;14.0;0
1033;24;0;5;3;0.0;66
1034;9;18;4;87;22.0;18
1035;86;0;5;10;0.0;76
1036;58;0;7;1;1.0;73
1037;27;4;79;5;1.0;0
1039;17;14;2;46;14.0;14
1040;5;16;4;52;20.0;11
1041;5;22;2;19;7.0;14
1043;8;0;71;2;1.0;2
1044;82;0;3;0;2.0;102
1045;15;15;1;70;18.0;14
1046;0;8;3;37;17.0;3
1049;1;22;4;56;24.0;6
1051;2;21;0;31;11.0;10
1054;6;4;84;5;0.0;17
1055;81;0;3;11;1.0;93
1057;47;1;4;6;2.0;50
1059;15;8;3;53;19.0;13
1062;4;21;0;22;21.0;18
1063;5;8;5;31;9.0;17
1064;10;4;56;1;2.0;3
1065;32;1;1;2;2.0;81
1066;61;2;4;3;0.0;82
1067;25;0;100;5;1.0;21
1068;7;21;3;35;22.0;9
1069;22;4;92;6;2.0;1
1071;18;2;45;0;0.0;8
1073;45;2;7;9;;72
1074;25;4;98;1;0.0;6
1077;16;22;1;88;19.0;12
1078;1;22;5;74;22.0;12
1079;17;14;1;32;18.0;5
1082;0;15;2;41;19.0;8
1083;0;3;63;3;1.0;13
1084;9;4;47;1;2.0;18
1085;16;4;71;2;0.0;6
1086;18;24;3;42;17.0;2
1087;54;1;0;7;1.0;96
1088;64;2;4;10;1.0;72
1089;18;22;4;17;21.0;0
1090;15;7;1;59;21.0;14
1091;42;1;2;6;0.0;81
1093;9;12;2;46;8.0;11
1094;10;1;72;1;0.0;3
1097;17;8;5;63;12.0;3
1102;80;1;5;8;2.0;80
1103;18;1;89;2;1.0;13
1106;25;1;57;1;0.0;3
1107;4;22;2;49;12.0;2
1108;73;0;6;5;0.0;59
1109;58;0;7;6;1.0;94
1110;15;17;0;64;23.0;2
1112;71;2;7;8;1.0;52
1113;50;1;0;3;1.0;57
1114;0;0;45;4;2.0;2
1115;27;2;2;4;1.0;89
1116;2;8;2;23;23.0;12
1117;0;17;4;53;26.0;11
1119;69;2;4;2;1.0;91
1120;11;24;4;57;16.0;11
1121;83;1;6;7;2.0;55
1122;16;9;1;18;10.0;18
1123;40;1;5;10;1.0;70
1125;40;2;4;2;2.0;83
1126;68;0;3;6;1.0;94
1127;28;2;6;9;1.0;95
1129;10;13;0;51;20.0;13
1130;0;13;0;27;;12
1131;4;20;0;56;9.0;4
1134;0;21;5;65;17.0;6
1135;80;2;0;11;0.0;76
1137;25;1;7;5;0.0;61
1138;86;2;1;8;1.0;65
1139;21;2;89;2;2.0;15
1140;55;2;4;10;0.0;60
1144;2;15;0;60;24.0;0
1147;1;8;4;56;9.0;10
1148;31;2;124;1;0.0;6
1152;25;0;64;7;1.0;2
1154;12;22;5;60;22.0;2
1155;27;0;44;6;0.0;14
1156;7;21;2;62;9.0;2
1161;82;1;2;5;2.0;63
1164;23;1;1;6;0.0;73
1166;6;2;82;0;2.0;15
1167;0;14;1;86;16.0;12
1168;47;0;2;5;0.0;94
1169;3;8;1;78;22.0;9
1170;2;20;0;79;23.0;2
1171;7;17;4;71;12.0;18
1172;26;0;4;3;1.0;71
1173;18;2;48;6;2.0;8
1174;4;17;2;17;14.0;15
1178;9;16;2;32;14.0;17
1179;38;2;0;2;0.0;85
1182;24;4;67;0;0.0;15
1183;19;7;5;61;19.0;19
1185;9;18;2;50;12.0;1
1186;56;0;6;3;0.0;54
1187;9;18;3;72;24.0;12
1188;3;19;0;87;7.0;7
1189;31;1;5;5;1.0;75
1193;65;2;0;6;2.0;65
1195;21;0;114;2;1.0;14
1196;17;22;3;20;15.0;19
1199;19;9;3;83;15.0;7
1200;6;24;3;82;10.0;2
1201;75;0;4;6;2.0;73
1203;16;8;1;82;9.0;8
1204;77;2;1;5;0.0;98
1206;16;14;3;73;20.0;14
1207;17;21;5;53;23.0;14
1208;0;10;0;62;22.0;9
1211;36;0;47;5;0.0;9
1212;15;15;5;67;26.0;16
1213;58;0;7;1;1.0;55
1216;3;11;2;52;22.0;1
1219;13;16;4;54;7.0;19
1224;12;10;4;78;24.0;2
1225;9;16;4;44;8.0;1
1226;16;24;0;33;25.0;6
1227;7;17;0;32;7.0;15
1229;35;3;58;6;1.0;0
1232;5;3;103;6;0.0;6
1233;12;7;5;59;7.0;16
1234;25;1;92;2;2.0;12
1237;5;10;3;17;13.0;1
1238;14;11;4;78;7.0;13
1240;11;23;0;32;11.0;17
1242;7;20;2;50;11.0;16
1243;15;3;69;0;1.0;10
1244;54;1;4;4;1.0;87
1247;9;12;4;36;24.0;0
1250;79;1;1;11;0.0;51
1251;15;21;5;31;24.0;12
1252;4;10;0;20;7.0;4
1254;72;1;7;7;2.0;75
1255;6;12;2;32;8.0;3
1256;13;15;4;58;8.0;18
1259;0;24;5;29;20.0;11
1260;28;4;73;4;2.0;15
1262;5;8;0;21;10.0;1
1263;34;0;119;1;1.0;18
1265;18;15;3;48;17.0;1
1266;75;2;4;5;2.0;76
1268;78;0;7;1;0.0;74
1270;8;8;0;45;21.0;8
1271;71;2;1;10;0.0;70
1273;1;19;2;47;11.0;3
1275;5;14;3;24;22.0;0
1276;0;8;5;85;7.0;6
1277;47;2;7;9;1.0;84
1279;18;18;2;86;17.0;8
1280;34;1;2;8;2.0;95
1283;23;0;80;1;0.0;2
1284;22;2;125;3;2.0;19
1285;4;9;4;87;24.0;4
1286;6;21;1;87;9.0;2
1289;8;19;3;31;9.0;12
1290;28;1;0;0;2.0;65
1292;46;1;0;8;2.0;70
1293;19;22;3;66;7.0;19
1294;6;20;2;80;10.0;5
1295;43;2;5;7;2.0;68
1296;72;1;5;4;0.0;101
1298;19;8;4;66;21.0;13
1300;15;0;59;1;;20
1302;29;0;65;3;2.0;10
1303;28;4;74;1;2.0;12
1304;17;12;5;66;19.0;2
1308;31;2;5;8;1.0;83
1309;61;0;7;7;2.0;98
1310;6;13;0;41;14.0;2
1313;70;1;2;1;2.0;97
1314;9;3;65;2;0.0;21
1315;19;20;4;47;15.0;17
1316;13;12;1;66;14.0;17
1317;52;1;2;3;2.0;72
1318;72;2;3;3;1.0;94
1319;9;21;4;74;17.0;3
1321;61;2;3;8;2.0;100
1325;17;2;37;4;2.0;5
1330;14;9;5;44;12.0;9
1331;12;24;3;64;12.0;17
1333;19;20;4;34;24.0;3
1334;11;19;4;19;25.0;17
1335;16;4;85;7;2.0;12
1337;9;24;5;65;7.0;8
1340;82;1;0;4;2.0;83
1341;5;24;5;73;21.0;0
1342;12;13;1;88;22.0;19
1344;6;7;4;75;15.0;16
1351;5;1;91;2;1.0;21
1352;82;0;0;3;2.0;91
1353;13;22;1;57;9.0;9
1355;46;2;3;0;1.0;59
1356;1;18;1;64;19.0;17
1358;15;19;0;54;13.0;13
1362;63;0;1;5;2.0;93
1364;58;2;6;1;0.0;57
1365;28;0;3;3;1.0;53
1366;70;0;0;10;0.0;52
1369;14;3;109;6;2.0;0
1370;72;1;2;6;1.0;101
1371;34;3;61;2;2.0;0
1373;82;2;3;6;1.0;60
1375;12;4;59;6;1.0;17
1376;9;21;0;44;16.0;19
1377;16;13;2;26;12.0;10
1379;5;7;2;49;9.0;1
1380;15;24;1;86;19.0;7
1384;10;1;111;1;1.0;4
1385;20;4;113;1;0.0;9
1386;33;1;0;3;1.0;65
1388;30;1;5;11;2.0;79
1390;8;17;4;48;25.0;3
1392;10;1;56;3;0.0;9
1394;50;1;4;7;1.0;54
1395;7;4;58;5;1.0;18
1396;10;12;5;39;10.0;18
1397;8;10;4;45;23.0;15
1398;12;3;114;7;2.0;3
1399;72;0;2;7;2.0;91
1400;18;1;96;4;2.0;7
1402;11;18;2;55;22.0;13
1404;73;2;3;11;0.0;96
1405;80;2;3;5;2.0;55
1407;0;16;3;70;7.0;2
1409;73;1;6;9;2.0;94
1410;14;15;5;36;9.0;2
1411;61;2;3;7;2.0;54
1412;14;21;4;34;7.0;17
1413;18;22;5;38;16.0;14
1414;11;21;4;22;8.0;12
1416;41;0;6;3;2.0;52
1417;17;0;48;6;0.0;20
1420;26;0;3;4;0.0;100
1421;84;2;6;3;2.0;67
1422;33;3;89;4;0.0;18
1424;45;1;0;5;1.0;77
1426;8;15;4;37;12.0;12
1428;3;9;2;30;14.0;10
1429;23;2;5;8;2.0;66
1430;52;1;5;2;2.0;70
1432;17;3;53;1;1.0;21
1433;17;9;3;65;10.0;12
1434;83;0;0;7;1.0;71
1435;45;1;7;4;2.0;51
1436;23;0;45;4;0.0;21
1440;2;7;2;81;15.0;17
1441;11;17;0;56;20.0;13
1445;29;0;4;1;1.0;54
1446;84;2;4;6;2.0;62
1447;3;7;4;62;26.0;1
1448;14;4;39;1;2.0;0
1449;44;0;7;9;0.0;77
1450;11;15;5;54;22.0;8
1451;24;1;2;6;2.0;96
1453;8;11;1;88;;5
1454;16;21;1;35;16.0;8
1455;10;13;4;63;21.0;5
1456;11;10;3;47;14.0;19
1457;2;9;5;62;16.0;2
1458;86;0;5;2;1.0;66
1459;67;2;4;0;2.0;87
1461;69;1;5;7;0.0;70
1462;39;0;5;9;0.0;88
1463;8;2;96;7;2.0;13
1464;35;0;98;0;1.0;15
1469;52;0;2;11;2.0;86
1471;15;8;4;36;15.0;1
1472;20;0;81;3;0.0;19
1473;30;2;120;2;1.0;12
1475;17;4;87;6;0.0;18
1476;46;2;1;1;0.0;84
1478;2;0;61;1;1.0;10
1479;5;2;97;1;0.0;0
1480;38;2;1;2;0.0;95
1482;18;12;3;47;11.0;9
1483;0;14;2;66;20.0;5
1486;14;17;1;39;12.0;2
1488;67;1;4;10;0.0;53
1489;67;0;6;0;0.0;91
1490;40;0;4;5;1.0;59
1491;60;0;5;9;2.0;99
1493;6;11;3;40;18.0;2
1495;13;15;4;61;19.0;15
1497;2;11;1;64;9.0;2
1499;30;1;48;4;1.0;19
1500;54;0;4;7;2.0;65
1501;3;3;110;3;2.0;18
1502;46;2;2;3;0.0;99
1503;9;15;5;33;12.0;8
1504;30;1;4;10;0.0;81
1506;16;20;2;50;14.0;3
1509;22;0;78;6;1.0;0
1511;9;24;4;53;11.0;4
1512;0;19;4;70;10.0;10
1515;67;2;1;2;0.0;53
1516;15;21;3;51;9.0;11
1518;13;3;124;6;1.0;1
1519;14;4;40;4;2.0;15
1520;9;14;3;86;14.0;3
1522;3;12;0;78;20.0;2
1523;18;7;4;46;11.0;16
1527;17;22;1;31;13.0;10
1530;14;20;3;23;21.0;15
1532;34;4;111;4;0.0;1
1533;42;2;6;3;2.0;53
1538;64;1;3;5;1.0;91
1542;28;0;1;11;1.0;98
1544;81;2;6;11;2.0;54
1545;3;15;1;87;7.0;2
1548;13;8;1;88;11.0;5
1549;4;19;1;70;25.0;4
1552;8;23;2;32;17.0;3
1553;23;3;54;6;2.0;6
1554;34;4;93;7;1.0;16
1555;33;0;127;2;1.0;11
1556;80;1;4;6;2.0;91
1561;15;10;0;37;10.0;5
1563;4;21;1;74;15.0;11
1564;13;3;43;4;0.0;8
1565;34;0;1;7;0.0;62
1566;2;10;4;30;;5
1567;67;1;6;2;1.0;98
1568;1;11;4;63;20.0;9
1569;35;1;5;1;1.0;83
1571;1;10;2;67;7.0;8
1572;26;1;5;8;1.0;63
1573;36;2;64;6;1.0;19
1574;76;1;4;5;1.0;94
1576;43;0;2;6;2.0;53
1577;45;0;6;6;0.0;77
1578;29;0;121;0;0.0;15
1579;18;12;2;56;14.0;7
1580;11;12;5;87;22.0;1
1581;27;0;4;10;2.0;97
1582;34;0;6;8;2.0;96
1583;4;4;41;4;2.0;18
1584;5;13;2;49;21.0;10
1586;8;24;4;28;24.0;6
1587;9;15;5;31;15.0;10
1588;6;4;56;5;1.0;13
1589;58;1;1;0;1.0;61
1591;48;0;3;9;1.0;92
1592;1;17;2;88;13.0;10
1595;63;0;6;9;0.0;51
1599;51;0;7;4;2.0;78
1600;27;0;4;8;0.0;101
1603;16;24;2;80;10.0;2
1607;25;2;123;4;1.0;15
1611;2;11;1;61;10.0;15
1612;15;21;1;88;26.0;1
1613;7;23;3;67;26.0;8
1615;21;0;91;5;0.0;12
1616;13;17;3;40;23.0;4
1617;79;2;3;7;2.0;85
1619;33;1;94;5;2.0;2
1620;45;1;0;8;1.0;57
1621;24;3;62;2;2.0;13
1623;14;23;3;45;26.0;19
1625;0;22;1;17;17.0;15
1626;12;12;2;43;13.0;18
1628;6;1;105;7;0.0;12
1629;17;14;1;28;9.0;18
1630;7;17;1;28;16.0;18
1633;41;1;3;2;2.0;71
1635;48;2;3;11;0.0;86
1636;1;22;0;81;13.0;14
1637;35;1;126;0;2.0;12
1638;72;1;7;4;1.0;67
1640;3;14;2;48;9.0;17
1642;51;1;7;1;2.0;96
1643;56;1;1;0;0.0;63
1644;63;0;2;2;0.0;87
1650;1;21;2;69;15.0;4
1651;19;15;3;59;19.0;8
1653;0;10;5;59;17.0;9
1655;13;21;0;85;16.0;11
1658;18;0;84;7;2.0;18
1659;14;11;3;87;10.0;3
1660;13;7;1;63;23.0;6
1661;32;2;4;7;2.0;73
1665;34;2;5;0;0.0;60
1667;14;16;2;32;10.0;3
1668;0;18;5;31;26.0;3
1670;11;7;4;17;21.0;19
1671;0;15;4;54;11.0;9
1672;61;2;5;0;2.0;73
1673;17;4;48;6;1.0;3
1674;2;11;4;45;21.0;10
1676;10;13;4;40;22.0;13
1677;10;12;4;29;9.0;13
1680;62;0;7;3;0.0;68
1681;9;24;2;66;10.0;7
1683;16;12;4;30;19.0;15
1685;18;15;0;83;23.0;11
1691;4;15;5;54;9.0;7
1692;86;2;5;7;2.0;50
1693;28;2;43;2;0.0;8
1697;24;0;95;4;1.0;3
1698;10;24;2;48;8.0;3
1699;15;11;3;49;9.0;11
1701;3;16;4;39;12.0;7
1707;18;10;4;78;23.0;3
1708;84;0;0;2;2.0;59
1710;6;24;4;83;7.0;14
1711;1;9;5;24;15.0;17
1712;4;19;4;55;11.0;5
1714;6;21;0;56;20.0;6
1715;15;3;120;0;2.0;14
1717;28;2;5;9;2.0;88
1719;73;2;7;10;2.0;68
1722;15;16;5;25;19.0;5
1723;77;2;5;7;2.0;60
1725;1;24;4;60;;11
1726;8;1;64;5;1.0;4
1727;39;1;2;8;1.0;87
1728;0;12;4;31;14.0;2
1729;16;8;4;21;15.0;12
1732;18;18;5;47;23.0;17
1733;59;1;4;10;0.0;86
1736;17;16;4;72;20.0;17
1738;69;1;5;11;1.0;59
1739;10;13;0;24;11.0;10
1740;15;23;4;42;20.0;17
1741;15;13;0;18;15.0;8
1742;6;1;106;3;2.0;3
1745;16;10;1;56;14.0;3
1746;17;20;4;18;8.0;0
1747;46;0;6;0;1.0;93
1748;35;2;0;8;0.0;58
1750;12;22;1;52;26.0;7
1753;1;17;0;16;19.0;19
1754;5;23;0;57;21.0;13
1756;84;2;2;7;1.0;79
1758;0;19;1;76;21.0;8
1762;10;1;94;0;1.0;5
1765;27;0;0;0;0.0;95
1766;7;17;3;17;20.0;13
1767;79;2;1;3;1.0;96
1769;30;2;5;6;2.0;100
1770;11;20;5;42;17.0;9
1772;28;2;94;3;2.0;12
1774;73;2;0;0;0.0;71
1775;6;11;5;52;18.0;10
1777;37;0;0;4;2.0;56
1778;17;2;61;2;1.0;13
1780;80;2;7;8;1.0;67
1781;12;22;5;24;21.0;4
1783;4;10;2;38;13.0;11
1785;18;19;5;67;22.0;17
1788;17;24;0;53;17.0;16
1791;31;1;7;7;2.0;80
1793;52;2;4;4;2.0;91
1796;11;10;1;20;13.0;19
1797;7;9;5;45;18.0;9
1798;35;0;6;9;2.0;61
1799;58;2;3;4;1.0;96
1800;2;13;3;67;21.0;1
1801;7;14;0;45;20.0;6
1804;15;8;4;26;14.0;13
1805;5;10;2;52;20.0;10
1807;84;0;5;10;0.0;80
1809;9;19;5;44;23.0;7
1810;55;1;4;8;1.0;61
1811;55;0;0;10;2.0;67
1812;24;0;57;3;0.0;15
1813;76;2;5;1;0.0;62
1815;15;10;2;38;14.0;2
1817;12;24;0;27;24.0;11
1818;25;4;106;1;0.0;12
1820;3;17;1;26;26.0;17
1822;22;2;45;0;0.0;0
1823;15;9;2;80;19.0;14
1824;25;1;120;2;1.0;15
1825;25;2;0;10;0.0;55
1827;25;3;54;7;0.0;2
1831;14;9;4;21;24.0;18
1833;4;9;5;52;23.0;14
1837;7;11;5;25;15.0;7
1838;50;2;7;3;1.0;97
1839;53;0;5;1;0.0;101
1840;23;1;2;8;0.0;63
1841;23;3;70;4;0.0;5
1842;7;20;4;33;23.0;8
1843;25;1;100;4;1.0;7
1846;55;2;3;11;1.0;101
1848;6;9;0;85;14.0;4
1849;0;1;70;1;1.0;10
1850;2;15;4;21;26.0;8
1851;0;21;2;36;15.0;13
1852;71;0;7;10;1.0;89
1853;7;8;4;48;16.0;15
1854;85;1;4;4;2.0;74
1859;52;1;5;10;2.0;99
1860;6;7;1;20;18.0;2
1863;1;11;3;52;11.0;18
1865;4;13;3;29;23.0;9
1866;16;15;4;46;16.0;13
1867;7;10;4;28;22.0;18
1868;73;0;2;6;2.0;61
1872;17;15;4;26;18.0;1
1877;81;1;0;0;2.0;67
1878;12;22;5;55;16.0;16
1879;27;4;75;4;1.0;7
1880;11;14;3;63;13.0;16
1881;11;0;98;0;2.0;18
1882;5;1;51;4;0.0;8
1883;5;24;4;34;20.0;6
1884;5;8;0;72;7.0;9
1886;15;2;67;7;;5
1887;33;2;3;0;2.0;90
1889;5;0;74;0;1.0;4
1890;79;1;5;9;0.0;52
1892;75;2;6;7;2.0;101
1893;44;2;7;6;0.0;83
1895;56;1;6;9;2.0;50
1896;74;2;1;11;0.0;55
1898;66;0;1;10;1.0;97
1903;19;24;4;45;14.0;14
1905;3;20;1;51;7.0;13
1906;13;0;37;4;2.0;8
1907;83;2;5;2;1.0;76
1909;70;2;5;9;0.0;51
1912;3;20;1;71;21.0;2
1913;5;15;0;33;16.0;8
1914;3;18;4;34;13.0;19
1915;29;0;4;1;0.0;54
1916;8;12;3;74;22.0;16
1917;50;0;4;1;1.0;54
1918;85;1;6;4;1.0;95
1920;17;16;2;52;20.0;3
1927;76;0;5;4;1.0;86
1929;17;4;108;1;2.0;18
1930;17;9;5;24;8.0;15
1933;17;10;2;66;14.0;0
1938;14;15;3;35;18.0;13
1940;19;18;2;65;10.0;8
1941;0;1;51;4;1.0;16
1945;45;1;1;3;2.0;88
1949;15;21;0;19;7.0;8
1952;11;22;2;17;24.0;5
1953;13;21;1;35;19.0;12
1954;27;1;1;7;2.0;56
1955;15;14;4;57;15.0;0
1956;78;1;4;0;0.0;52
1957;37;0;5;10;1.0;102
1959;0;23;2;23;14.0;7
1961;14;15;2;23;7.0;5
1962;6;7;3;23;12.0;0
1963;57;1;3;4;0.0;60
1964;19;8;3;49;10.0;16
1967;23;4;41;3;0.0;12
1969;6;19;5;64;20.0;8
1970;1;20;2;27;21.0;4
1971;23;0;47;6;1.0;8
1972;14;14;5;29;12.0;7
1974;58;1;0;4;2.0;60
1975;32;0;89;1;1.0;13
1980;39;1;3;3;1.0;63
1981;7;0;50;1;2.0;1
1982;4;18;0;43;17.0;8
1983;15;24;2;59;12.0;9
1984;86;0;3;5;1.0;80
1986;48;1;1;8;2.0;91
1988;27;1;5;1;1.0;55
1989;19;10;3;49;25.0;13
1991;13;23;3;77;15.0;17
1993;16;23;1;42;16.0;9
1995;0;11;4;62;22.0;0
1998;16;10;4;34;14.0;0
1999;82;2;1;11;2.0;73
2001;16;3;115;4;1.0;18
2003;0;9;5;31;21.0;6
2005;15;23;0;35;25.0;14
2007;9;23;0;61;11.0;1
2008;46;1;5;1;0.0;70
2012;16;8;0;58;22.0;16
2013;54;0;5;11;2.0;93
2014;44;2;0;11;2.0;73
2015;22;1;73;0;1.0;7
2017;34;0;113;2;1.0;2
2018;61;1;7;11;2.0;81
2019;63;1;7;5;1.0;95
2022;82;2;6;0;0.0;99
2024;3;0;77;7;0.0;2
2025;1;2;82;1;0.0;5
2026;31;1;47;0;1.0;3
2028;14;14;0;86;11.0;16
2029;18;24;5;16;23.0;11
2030;27;2;3;9;0.0;50
2032;19;8;1;25;10.0;12
2034;24;3;102;4;2.0;20
2035;46;1;6;10;0.0;99
2036;70;0;0;10;0.0;79
2039;4;8;3;23;18.0;16
2042;13;9;0;24;22.0;10
2044;20;2;55;5;2.0;8
2045;18;8;4;67;21.0;17
2047;19;8;5;50;20.0;4
2048;6;24;4;33;18.0;7
2049;72;0;5;3;2.0;71
2051;24;3;46;2;;0
2053;10;17;0;30;12.0;9
2055;7;19;0;86;21.0;8
2057;1;14;2;21;18.0;11
2058;10;15;2;40;19.0;9
2059;18;21;5;48;18.0;0
2060;71;0;7;5;1.0;55
2061;31;4;90;1;1.0;7
2063;20;3;93;7;1.0;4
2064;38;2;7;7;1.0;55
2066;12;14;5;58;21.0;15
2068;3;23;3;32;13.0;18
2069;22;3;100;5;2.0;20
2070;31;1;4;2;2.0;55
2073;54;0;1;8;1.0;56
2075;31;2;107;4;0.0;11
2077;11;18;0;45;9.0;19
2078;60;2;7;7;2.0;92
2079;78;0;7;10;1.0;75
2081;33;2;6;11;2.0;92
2082;25;1;49;2;1.0;9
2083;9;2;117;0;2.0;4
2084;0;8;5;43;19.0;7
2085;70;0;4;3;1.0;75
2086;16;1;124;6;2.0;16
2087;4;21;5;75;16.0;0
2088;35;3;91;3;0.0;16
2089;10;12;4;32;23.0;8
2091;25;1;51;0;2.0;8
2092;83;1;5;2;1.0;51
2093;11;9;3;24;20.0;15
2095;68;0;3;3;2.0;83
2096;1;1;122;7;1.0;14
2097;2;10;1;62;21.0;8
2098;18;10;4;23;25.0;3
2099;6;19;1;83;18.0;12
2100;35;3;61;0;1.0;7
2101;30;0;4;11;1.0;76
2102;38;1;1;10;2.0;74
2106;10;21;4;30;18.0;17
2107;12;13;3;75;9.0;18
2109;76;2;2;5;0.0;102
2111;20;0;126;4;1.0;6
2112;1;10;5;41;13.0;10
2114;83;1;1;0;1.0;96
2115;41;0;3;6;0.0;89
2118;13;13;5;59;21.0;13
2119;59;0;2;8;0.0;68
2120;61;0;3;1;2.0;96
2121;44;1;4;0;0.0;58
2123;9;9;1;17;16.0;1
2124;6;16;0;88;25.0;3
2125;41;0;5;4;0.0;98
2126;46;2;1;4;1.0;52
2128;0;8;4;32;13.0;2
2131;83;0;7;6;0.0;69
2132;69;0;3;9;1.0;99
2133;9;19;1;64;13.0;16
2134;6;16;5;60;7.0;17
2135;3;13;4;73;16.0;19
2136;11;21;3;86;10.0;4
2137;15;22;5;18;25.0;12
2139;43;1;0;2;1.0;55
2142;17;9;4;23;9.0;16
2143;81;1;6;3;2.0;94
2144;49;0;3;1;0.0;52
2147;4;22;0;29;13.0;10
2148;55;0;7;4;0.0;60
2149;21;2;63;4;0.0;6
2150;31;2;3;0;2.0;81
2151;17;19;5;71;22.0;7
2152;4;7;3;23;20.0;15
2153;67;1;5;3;0.0;91
2154;13;0;59;7;0.0;12
2155;33;0;83;3;0.0;15
2156;45;0;3;5;2.0;60
2158;15;4;122;1;2.0;18
2160;11;15;4;17;22.0;9
2162;5;21;0;41;23.0;11
2164;14;11;5;21;16.0;3
2166;17;18;3;39;26.0;17
2167;18;2;123;4;0.0;21
2168;57;0;2;3;1.0;60
2173;8;2;106;3;1.0;6
2175;7;19;1;33;23.0;16
2176;24;1;6;9;2.0;89
2177;16;22;2;82;7.0;18
2179;40;2;1;9;1.0;53
2180;7;23;3;44;11.0;16
2182;56;0;4;10;0.0;96
2183;35;1;6;11;0.0;89
2186;0;12;0;86;15.0;16
2187;12;20;4;51;25.0;6
2188;6;21;0;22;;10
2189;13;9;2;87;19.0;3
2195;12;19;3;52;20.0;18
2196;74;0;2;5;1.0;52
2197;84;2;4;5;2.0;98
2198;15;15;5;45;19.0;3
2204;38;0;0;7;0.0;78
2208;5;9;0;69;19.0;0
2211;85;2;0;5;2.0;53
2214;18;23;3;78;16.0;6
2215;9;12;3;51;16.0;7
2217;84;2;0;6;0.0;89
2220;23;2;7;0;0.0;89
2226;16;9;2;56;20.0;8
2229;1;15;0;66;16.0;13
2230;1;15;4;28;23.0;1
2231;44;1;3;1;2.0;61
2232;2;17;0;38;23.0;16
2236;57;2;0;5;2.0;72
2237;1;13;0;22;20.0;14
2238;6;2;76;2;1.0;6
2242;20;2;50;4;0.0;18
2243;26;1;3;2;0.0;77
2244;2;21;0;66;17.0;11
2246;51;1;6;5;1.0;58
2247;81;2;0;0;0.0;68
2249;60;2;1;4;0.0;53
2252;5;1;99;3;1.0;1
2253;17;22;2;57;14.0;12
2254;8;3;37;6;2.0;17
2256;15;18;5;47;16.0;11
2258;14;23;5;66;23.0;16
2259;12;20;0;66;20.0;14
2263;32;4;118;0;2.0;6
2264;12;17;2;29;20.0;16
2265;1;10;5;79;22.0;16
2269;17;1;124;3;0.0;12
2271;59;2;6;7;2.0;72
2273;15;0;55;5;0.0;21
2274;15;19;4;64;17.0;3
2276;16;8;4;86;25.0;9
2277;48;1;5;0;0.0;102
2279;32;0;1;6;2.0;74
2280;2;2;76;4;0.0;15
2281;2;22;0;35;23.0;10
2282;0;11;5;65;12.0;17
2283;62;2;0;0;1.0;95
2284;18;9;3;75;23.0;19
2285;37;2;6;5;1.0;66
2286;7;16;0;80;25.0;19
2287;17;15;4;39;16.0;15
2288;49;1;4;11;2.0;76
2290;5;12;3;43;17.0;0
2291;5;14;1;47;19.0;4
2295;22;4;75;4;1.0;9
2297;7;21;5;21;15.0;16
2298;2;9;1;52;12.0;14
2299;44;0;2;10;1.0;73
2300;16;24;0;21;9.0;19
2304;27;0;2;3;2.0;51
2305;16;16;3;79;7.0;3
2306;30;1;118;1;2.0;16
2308;28;1;7;8;2.0;93
2310;14;1;83;3;2.0;20
2311;16;16;0;33;17.0;19
2312;17;1;78;6;2.0;1
2313;16;13;3;42;10.0;3
2314;20;2;59;3;2.0;8
2316;41;2;2;7;1.0;53
2317;11;18;1;62;9.0;9
2318;44;2;6;11;0.0;82
2319;13;0;46;2;2.0;21
2320;3;20;0;27;7.0;14
2321;19;13;4;60;7.0;4
2322;18;12;1;68;10.0;3
2323;84;2;6;8;1.0;57
2325;13;2;42;6;1.0;4
2327;27;2;0;9;2.0;101
2328;17;14;4;71;15.0;14
2330;84;2;1;1;2.0;65
2331;8;20;3;66;16.0;3
2332;6;13;4;37;14.0;17
2333;25;0;3;11;2.0;78
2334;12;15;0;57;11.0;3
2335;14;17;4;81;24.0;4
2337;8;24;4;40;11.0;6
2340;5;13;4;26;9.0;3
2342;12;23;5;81;17.0;17
2343;70;0;5;6;0.0;61
2347;2;22;1;58;11.0;8
2348;15;20;1;19;20.0;4
2350;29;2;125;5;0.0;21
2351;36;2;103;0;0.0;12
2353;15;13;2;84;22.0;18
2354;28;2;1;6;1.0;88
2355;82;0;7;4;1.0;61
2356;14;24;5;82;20.0;1
2357;27;2;38;6;1.0;20
2358;12;10;4;61;16.0;4
2361;15;20;2;30;;17
2362;15;22;2;82;14.0;9
2363;18;18;5;86;11.0;15
2364;33;4;80;3;2.0;20
2367;43;1;1;10;1.0;101
2368;18;18;0;45;20.0;4
2369;15;20;3;74;8.0;11
2370;1;24;4;68;12.0;19
2371;57;2;7;1;0.0;61
2373;10;11;1;41;25.0;6
2374;38;2;3;6;1.0;65
2376;1;19;0;55;12.0;3
2377;63;2;1;7;2.0;96
2382;71;2;1;3;0.0;94
2383;17;10;0;28;22.0;17
2384;6;14;2;59;13.0;12
2386;10;11;1;61;24.0;15
2389;19;8;4;34;14.0;14
2390;75;1;1;0;0.0;82
2391;11;23;1;85;10.0;6
2394;0;17;3;37;17.0;7
2396;10;15;0;48;14.0;7
2398;15;4;74;4;2.0;16
2399;3;3;55;1;1.0;9
2400;76;1;5;2;2.0;93
2401;29;0;4;8;1.0;70
2403;28;1;2;4;2.0;72
2404;1;11;4;22;10.0;14
2405;19;3;110;4;2.0;4
2406;11;8;1;72;21.0;0
2411;72;0;7;1;0.0;69
2413;26;2;67;6;0.0;17
2415;20;3;90;0;0.0;15
2416;54;0;1;10;2.0;84
2417;23;1;59;4;2.0;11
2419;15;20;5;79;18.0;16
2420;6;22;4;31;17.0;5
2422;8;3;49;7;1.0;9
2423;18;9;5;38;12.0;15
2424;35;0;4;4;1.0;93
2426;5;1;121;6;0.0;14
2427;35;1;7;2;0.0;64
2430;5;20;4;44;21.0;12
2431;39;0;7;7;1.0;69
2432;11;0;47;7;2.0;16
2433;7;1;63;4;2.0;21
2436;9;14;2;73;14.0;16
2438;8;19;0;15;20.0;11
2439;3;23;3;62;20.0;10
2440;10;16;4;64;13.0;15
2441;33;1;117;3;0.0;2
2443;22;4;114;4;2.0;12
2445;3;18;1;86;25.0;14
2448;46;0;6;5;0.0;69
2450;15;8;1;23;7.0;10
2451;9;7;3;45;10.0;18
2453;9;12;0;87;19.0;1
2454;6;4;51;6;0.0;19
2455;11;12;2;48;7.0;5
2456;48;1;6;8;2.0;97
2457;35;1;92;0;2.0;18
2458;12;14;1;65;12.0;18
2460;65;2;6;4;0.0;66
2461;5;10;0;76;18.0;8
2464;24;4;110;0;0.0;17
2465;76;2;3;7;2.0;102
2468;22;2;68;5;1.0;3
2471;71;1;1;9;2.0;70
2473;80;1;0;0;2.0;85
2474;24;0;6;4;1.0;52
2475;13;11;5;20;16.0;17
2476;74;0;3;11;1.0;65
2477;17;13;3;79;16.0;17
2479;84;2;4;2;0.0;65
2481;32;3;66;0;0.0;0
2482;9;0;51;3;0.0;4
2484;80;1;6;9;2.0;50
2485;57;1;4;1;2.0;79
2486;47;0;0;3;;74
2487;28;2;127;6;1.0;5
2488;30;2;0;11;1.0;98
2491;19;19;0;48;18.0;11
2492;17;3;44;5;1.0;12
2493;19;15;4;42;7.0;5
2496;2;10;0;29;7.0;1
2497;18;24;5;29;9.0;19
2498;11;24;1;22;20.0;8
2499;67;1;4;3;2.0;97
2501;8;10;0;21;10.0;10
2502;17;16;2;64;24.0;8
2503;4;23;1;61;15.0;5
2504;14;12;1;34;11.0;10
2505;36;2;4;11;0.0;96
2506;18;19;2;33;15.0;19
2510;5;21;0;52;24.0;9
2511;2;1;57;0;1.0;4
2514;18;23;1;64;18.0;18
2516;38;1;5;2;0.0;67
2517;70;2;1;9;1.0;62
2519;5;4;91;6;2.0;17
2524;17;3;108;2;2.0;8
2525;18;0;63;0;0.0;21
2526;18;18;4;41;24.0;4
2530;13;20;0;76;16.0;11
2531;1;3;122;1;0.0;16
2532;17;22;0;48;13.0;9
2536;14;9;1;80;17.0;9
2537;33;0;3;8;2.0;79
2538;33;2;7;11;1.0;91
2539;44;0;2;2;2.0;76
2540;33;2;58;6;0.0;0
2542;8;9;1;71;8.0;4
2544;25;3;88;7;2.0;15
2545;13;15;4;15;12.0;14
2546;0;22;3;79;21.0;11
2547;15;2;116;7;0.0;4
2548;8;10;2;76;23.0;17
2549;2;22;0;66;10.0;14
2550;12;7;0;68;15.0;7
2554;4;1;44;7;2.0;6
2556;30;1;3;11;0.0;101
2558;16;17;4;55;10.0;12
2559;35;4;75;6;2.0;16
2562;6;14;2;65;12.0;1
2564;0;23;0;52;20.0;5
2569;63;1;4;6;2.0;101
2570;25;1;1;0;2.0;83
2571;6;14;3;41;7.0;0
2572;11;24;4;54;19.0;5
2573;30;3;125;0;0.0;13
2576;56;0;7;2;1.0;77
2577;3;22;3;42;17.0;5
2579;67;2;3;5;;100
2580;0;18;0;29;8.0;15
2583;0;2;70;6;1.0;19
2585;20;3;89;5;1.0;12
2589;75;2;1;4;1.0;91
2590;13;19;2;50;16.0;0
2591;53;2;3;9;2.0;101
2592;82;0;7;1;2.0;52
2593;8;19;1;65;19.0;3
2594;8;18;0;68;12.0;4
2595;77;2;6;11;1.0;92
2596;3;18;5;18;25.0;5
2598;35;1;67;0;1.0;16
2601;31;2;0;8;1.0;58
2602;80;1;4;5;0.0;85
2604;47;2;7;1;0.0;74
2605;6;0;98;1;1.0;1
2606;40;2;2;3;0.0;64
2607;12;22;1;21;8.0;3
2611;8;21;0;52;24.0;0
2612;26;2;4;11;2.0;102
2613;44;0;3;3;1.0;57
2614;59;2;3;11;1.0;61
2615;42;0;7;9;2.0;90
2616;5;22;3;75;11.0;1
2617;55;2;0;11;2.0;70
2619;13;18;4;19;25.0;13
2628;3;8;0;60;21.0;1
2629;15;20;0;43;14.0;18
2631;12;8;5;80;10.0;14
2632;10;9;3;31;13.0;19
2633;25;4;65;2;1.0;11
2636;28;4;53;1;1.0;7
2638;3;9;1;35;15.0;12
2639;29;2;113;7;2.0;7
2641;4;18;0;80;24.0;6
2642;50;2;1;10;2.0;96
2644;75;0;1;11;0.0;76
2645;15;7;3;29;11.0;0
2646;72;1;4;0;0.0;53
2647;55;2;3;7;2.0;57
2648;19;0;120;1;0.0;15
2649;0;1;48;5;;12
2650;10;17;2;22;17.0;10
2652;78;1;7;10;0.0;98
2653;19;21;1;26;25.0;11
2658;4;24;1;29;23.0;0
2659;26;0;2;3;2.0;55
2661;12;3;71;1;0.0;11
2663;34;2;6;2;0.0;89
2664;56;0;1;9;1.0;51
2667;10;21;3;71;16.0;5
2668;61;1;4;0;2.0;62
2671;6;16;2;82;17.0;13
2672;3;19;1;46;10.0;6
2673;36;2;6;10;1.0;69
2674;11;19;3;71;8.0;15
2675;28;2;121;1;0.0;19
2676;71;2;6;5;1.0;76
2677;14;2;75;1;1.0;5
2678;8;13;5;21;23.0;18
2680;18;10;1;30;14.0;5
2681;32;0;2;7;2.0;91
2682;17;22;1;66;16.0;14
2683;4;10;3;34;26.0;19
2685;64;0;7;7;1.0;72
2686;57;0;2;1;0.0;64
2687;3;19;4;54;22.0;16
2688;12;2;105;5;0.0;2
2689;52;1;0;3;1.0;95
2690;61;2;7;2;0.0;53
2691;2;23;4;62;25.0;16
2692;4;11;5;72;24.0;11
2693;12;16;3;79;13.0;11
2694;7;24;5;62;8.0;5
2695;34;0;3;11;1.0;58
2696;17;19;3;22;8.0;10
2697;17;12;4;84;25.0;16
2699;17;4;69;5;2.0;17
2700;0;23;3;80;22.0;16
2701;16;11;3;68;18.0;15
2702;9;3;46;4;1.0;16
2703;0;23;1;35;12.0;8
2704;2;4;90;1;2.0;11
2705;12;20;0;63;;4
2706;43;0;3;0;2.0;74
2707;81;0;2;0;1.0;56
2708;12;3;84;3;2.0;8
2710;73;1;3;3;1.0;84
2711;8;19;0;76;19.0;4
2713;79;0;1;8;1.0;56
2715;48;2;2;5;2.0;64
2717;4;23;3;45;17.0;19
2718;84;1;3;6;0.0;60
2719;19;20;1;29;21.0;11
2720;14;13;2;16;7.0;8
2722;4;3;125;1;0.0;13
2723;15;22;3;47;7.0;10
2724;24;4;98;5;1.0;5
2725;36;1;84;4;0.0;4
2727;34;4;114;4;1.0;3
2728;7;9;0;82;20.0;3
2730;9;0;87;5;0.0;19
2731;67;1;3;8;1.0;55
2732;25;1;6;5;0.0;85
2735;26;2;6;2;0.0;88
2736;10;17;0;61;8.0;4
2737;6;11;1;76;16.0;6
2738;8;13;5;45;14.0;3
2739;2;9;1;33;24.0;17
2740;69;1;2;6;2.0;61
2742;1;1;69;4;0.0;14
2743;48;1;6;2;0.0;96
2746;8;22;1;88;12.0;5
2749;2;2;88;0;1.0;14
2750;66;2;4;11;2.0;74
2752;15;12;0;65;26.0;18
2753;4;14;2;88;24.0;11
2754;4;20;5;83;25.0;9
2755;46;1;0;1;2.0;65
2756;48;2;7;11;0.0;98
2758;14;16;3;88;19.0;1
2759;23;2;7;8;2.0;66
2760;80;1;0;6;2.0;65
2761;33;1;42;2;1.0;8
2762;17;2;127;2;2.0;2
2763;19;15;1;66;11.0;6
2764;6;4;59;4;1.0;17
2765;10;12;2;44;11.0;5
2767;74;2;5;1;0.0;57
2769;64;2;5;1;1.0;60
2773;45;1;0;9;0.0;71
2774;81;2;1;7;2.0;63
2775;0;14;5;18;25.0;19
2776;69;2;1;7;2.0;56
2779;43;2;2;6;1.0;91
2780;13;4;109;3;2.0;8
2782;35;1;0;3;2.0;52
2783;13;19;5;79;13.0;7
2785;2;1;86;0;;1
2786;30;2;2;10;2.0;92
2787;18;18;2;41;21.0;14
2789;0;20;0;48;17.0;16
2790;59;0;3;11;1.0;75
2791;9;19;2;45;21.0;5
2792;16;3;113;3;0.0;16
2794;8;16;1;42;17.0;15
2796;5;11;2;60;10.0;3
2798;0;1;68;3;2.0;11
2801;0;11;5;42;22.0;19
2802;79;1;1;7;2.0;54
2803;84;0;5;1;2.0;66
2806;19;14;5;42;23.0;2
2807;14;4;61;7;1.0;4
2808;23;1;7;6;0.0;85
2811;59;1;2;0;1.0;69
2813;4;23;0;51;14.0;14
2814;14;11;0;67;9.0;4
2815;60;2;4;9;2.0;92
2816;11;21;2;78;14.0;2
2818;20;3;108;6;2.0;2
2820;37;2;3;5;2.0;97
2821;19;11;3;77;12.0;7
2822;9;7;0;86;16.0;17
2823;47;2;0;3;0.0;86
2824;14;23;2;70;25.0;1
2825;13;10;1;81;20.0;5
2826;8;23;2;16;19.0;5
2827;12;15;4;70;11.0;4
2828;2;4;108;3;2.0;4
2829;2;21;5;20;7.0;13
2831;18;22;1;29;24.0;8
2832;33;2;6;10;0.0;89
2833;31;1;3;8;0.0;98
2834;12;13;5;53;20.0;6
2835;3;12;1;48;16.0;1
2837;17;2;102;3;0.0;17
2840;8;15;3;27;22.0;1
2845;15;11;3;43;;15
2846;2;15;0;77;15.0;4
2847;19;7;5;65;8.0;0
2848;0;18;5;81;15.0;13
2849;2;24;5;41;23.0;5
2850;11;22;1;35;25.0;1
2851;19;21;3;15;15.0;0
2852;11;15;0;46;20.0;0
2853;11;0;106;0;2.0;18
2855;17;15;0;16;8.0;15
2857;34;3;110;7;1.0;7
2858;74;2;4;11;2.0;84
2859;68;1;3;7;0.0;51
2861;33;0;5;2;1.0;96
2862;13;8;0;50;19.0;3
2864;15;10;1;29;21.0;14
2865;19;0;90;1;2.0;14
2867;8;22;5;68;14.0;1
2868;12;11;1;34;10.0;15
2870;47;1;1;4;0.0;54
2873;5;11;3;59;11.0;19
2874;50;1;3;4;0.0;64
2875;31;2;1;6;2.0;88
2877;65;2;3;3;2.0;61
2881;16;0;105;7;0.0;9
2882;73;0;0;1;1.0;68
2883;73;1;3;7;0.0;79
2885;36;3;85;5;2.0;7
2886;11;14;4;67;21.0;3
2889;15;20;1;30;10.0;4
2891;9;19;3;79;21.0;19
2892;32;3;59;5;2.0;17
2893;55;2;5;2;1.0;67
2895;3;0;86;7;2.0;15
2896;1;16;3;87;13.0;17
2897;31;2;86;0;1.0;12
2898;0;2;97;6;1.0;4
2899;13;10;5;27;11.0;14
2901;3;8;5;29;19.0;17
2903;3;0;124;2;2.0;20
2904;58;1;1;5;1.0;90
2906;12;17;2;66;14.0;5
2907;16;0;66;0;1.0;7
2908;11;10;0;56;25.0;14
2909;18;13;4;76;23.0;9
2910;17;13;5;37;17.0;9
2911;18;12;2;78;26.0;8
2913;15;20;1;40;24.0;7
2916;6;11;2;27;17.0;13
2919;3;24;1;68;13.0;2
2923;13;10;1;19;26.0;16
2926;86;1;2;5;1.0;79
2928;6;16;2;63;25.0;11
2929;79;1;0;2;0.0;93
2930;10;0;38;3;0.0;8
2931;54;1;2;6;1.0;96
2932;59;0;7;1;;61
2933;7;10;0;41;11.0;18
2939;82;2;1;3;1.0;59
2942;12;7;4;19;19.0;16
2943;11;0;109;0;0.0;11
2946;54;0;2;11;1.0;57
2948;44;2;1;11;2.0;81
2949;4;20;0;43;19.0;4
2950;51;1;0;8;2.0;70
2951;82;0;3;2;2.0;92
2952;2;1;57;3;1.0;15
2953;17;7;5;82;15.0;13
2954;3;19;5;18;8.0;19
2955;15;3;58;1;0.0;18
2957;3;12;3;68;21.0;17
2958;5;21;3;62;25.0;15
2959;21;4;67;1;0.0;14
2960;12;17;2;76;14.0;12
2962;35;3;64;7;2.0;16
2963;8;3;116;3;0.0;11
2964;6;14;5;44;24.0;13
2965;2;23;4;60;20.0;17
2967;73;2;6;4;2.0;66
2968;77;1;4;10;0.0;99
2970;7;1;113;1;0.0;2
2971;9;10;2;60;8.0;1
2973;12;19;5;75;20.0;10
2975;15;14;5;33;16.0;17
2977;18;14;4;68;8.0;6
2978;7;19;4;60;9.0;17
2979;4;11;2;57;13.0;19
2980;16;3;114;4;2.0;16
2981;11;8;4;45;16.0;17
2982;29;1;82;0;1.0;0
2983;37;1;7;10;1.0;63
2984;5;23;4;48;15.0;2
2985;62;2;2;7;1.0;65
2986;7;21;3;52;17.0;11
2988;11;0;77;4;1.0;17
2990;40;0;6;11;1.0;63
2992;6;10;2;17;24.0;10
2995;4;22;2;79;12.0;5
2997;4;21;0;60;18.0;16
2998;10;22;4;28;15.0;3
3000;19;7;5;31;13.0;19
3001;31;3;74;7;0.0;4
3002;1;0;126;3;0.0;20
3005;3;9;4;19;7.0;11
3006;32;1;2;3;2.0;80
3007;2;0;77;0;1.0;18
3009;19;23;1;51;9.0;19
3010;8;8;1;37;;15
3011;14;20;0;75;22.0;3
3012;11;13;0;39;13.0;3
3014;18;23;4;76;17.0;10
3015;14;10;2;36;19.0;6
3016;16;7;0;40;7.0;17
3018;1;23;0;22;17.0;12
3019;61;0;5;11;2.0;73
3021;51;0;2;5;0.0;91
3022;13;23;0;18;22.0;0
3023;75;1;5;9;2.0;77
3024;3;24;2;71;9.0;12
3025;50;0;7;9;0.0;50
3028;6;19;1;31;18.0;2
3029;25;0;69;1;2.0;12
3030;22;0;69;7;1.0;15
3031;48;0;4;0;0.0;59
3032;73;0;7;10;0.0;63
3033;8;19;2;68;16.0;1
3036;6;18;2;83;21.0;2
3037;7;14;3;65;8.0;8
3038;11;10;0;81;21.0;9
3039;51;2;7;4;0.0;66
3040;76;2;0;8;1.0;72
3041;12;20;1;15;12.0;15
3042;1;23;1;81;15.0;6
3043;22;1;65;2;2.0;0
3044;78;0;3;0;0.0;55
3045;2;12;0;39;23.0;4
3050;29;2;43;3;2.0;6
3051;32;0;4;4;1.0;81
3053;13;16;0;63;26.0;4
3056;82;0;6;11;2.0;98
3057;14;22;2;33;25.0;15
3059;0;17;1;87;23.0;14
3060;7;24;2;63;13.0;7
3061;74;0;1;8;1.0;63
3063;1;22;2;54;25.0;1
3066;80;1;6;0;1.0;89
3068;4;20;4;46;25.0;11
3069;42;0;2;7;1.0;92
3070;2;13;2;67;12.0;18
3071;13;17;5;45;7.0;2
3074;39;1;3;4;2.0;53
3075;49;0;7;6;2.0;53
3076;49;2;1;11;0.0;87
3077;36;0;5;7;2.0;68
3080;9;12;5;41;7.0;18
3083;18;10;3;26;20.0;6
3085;18;19;4;86;25.0;3
3087;56;2;6;3;2.0;72
3089;7;12;5;36;18.0;9
3091;16;2;105;7;2.0;1
3094;46;0;1;4;1.0;78
3096;86;0;5;0;0.0;85
3097;7;2;56;4;0.0;11
3098;59;1;4;1;1.0;65
3099;11;24;2;57;;1
3100;0;7;0;31;8.0;3
3104;17;14;4;28;9.0;4
3105;31;1;123;2;2.0;10
3107;58;0;6;7;0.0;64
3108;14;16;5;40;21.0;8
3110;78;0;2;4;2.0;65
3112;1;21;0;67;22.0;18
3113;75;2;4;1;2.0;69
3114;47;2;2;2;1.0;81
3115;84;2;4;3;2.0;95
3117;59;2;1;0;1.0;93
3120;49;0;4;5;1.0;81
3122;20;4;43;7;1.0;19
3124;25;2;7;5;2.0;81
3125;19;21;4;58;20.0;14
3126;25;0;3;6;0.0;83
3127;12;21;1;59;12.0;19
3128;19;20;4;62;13.0;0
3129;3;0;107;3;2.0;1
3130;63;1;2;7;1.0;94
3133;15;0;114;3;0.0;19
3134;15;2;57;1;0.0;3
3137;83;2;0;11;0.0;83
3138;1;8;5;68;23.0;11
3139;8;22;5;58;21.0;5
3141;57;1;7;11;1.0;82
3142;6;4;55;6;1.0;2
3144;11;14;4;67;11.0;15
3145;11;8;4;81;20.0;8
3147;15;24;3;72;22.0;18
3148;13;12;0;35;12.0;11
3151;7;22;5;73;12.0;12
3152;27;1;105;2;1.0;15
3153;57;0;3;6;1.0;69
3154;37;0;5;8;0.0;78
3157;7;1;49;2;0.0;12
3159;7;17;1;80;21.0;4
3160;31;0;50;2;2.0;15
3163;1;13;0;81;23.0;6
3164;61;1;4;0;2.0;64
3165;8;21;1;57;12.0;17
3167;85;2;0;4;1.0;71
3168;18;18;5;48;13.0;17
3169;18;7;0;84;8.0;5
3170;3;20;3;48;26.0;16
3171;19;18;4;18;23.0;11
3175;62;1;7;10;0.0;92
3176;13;15;1;50;13.0;11
3177;13;2;89;4;0.0;17
3179;64;1;3;11;1.0;89
3180;30;2;4;11;1.0;79
3181;53;0;5;6;2.0;83
3182;9;12;5;81;;11
3183;9;21;0;44;23.0;3
3187;2;17;4;44;16.0;14
3189;29;0;5;7;1.0;71
3190;0;18;4;54;9.0;0
3191;17;18;1;45;9.0;12
3192;8;17;5;58;19.0;3
3193;14;4;45;1;2.0;15
3194;23;0;41;1;1.0;14
3195;10;13;4;62;23.0;9
3197;12;3;69;2;1.0;9
3198;14;8;2;69;10.0;6
3201;2;17;3;23;20.0;3
3202;14;17;5;77;9.0;9
3203;9;23;5;39;18.0;15
3205;83;2;5;0;2.0;57
3208;8;23;0;36;19.0;2
3209;4;15;4;78;9.0;8
3210;66;2;0;11;1.0;97
3211;8;12;5;59;13.0;5
3212;2;14;5;81;25.0;14
3213;0;24;0;29;8.0;9
3214;11;19;3;72;20.0;6
3216;16;19;5;24;9.0;11
3219;7;8;5;15;12.0;1
3220;71;0;0;10;1.0;73
3221;30;2;6;10;2.0;91
3222;28;2;122;7;0.0;12
3223;12;8;2;66;10.0;1
3225;21;0;68;5;1.0;5
3227;4;4;55;2;0.0;6
3228;51;2;0;4;2.0;79
3231;7;21;4;83;24.0;6
3233;6;19;0;17;9.0;9
3234;5;15;2;82;25.0;13
3236;39;0;5;7;0.0;87
3237;22;0;126;1;1.0;8
3238;10;10;4;77;13.0;8
3240;16;18;5;37;24.0;13
3241;31;0;41;2;1.0;17
3246;11;12;4;20;11.0;16
3247;23;1;67;3;2.0;14
3248;49;1;3;7;1.0;66
3249;55;1;1;9;0.0;95
3251;49;0;3;6;1.0;86
3253;7;22;1;40;11.0;17
3255;77;1;6;8;1.0;96
3256;15;4;48;5;0.0;3
3257;23;3;124;5;2.0;12
3260;9;22;5;24;25.0;5
3263;34;0;4;8;2.0;90
3265;15;0;115;7;1.0;1
3266;59;2;2;7;0.0;51
3268;17;16;0;43;23.0;7
3269;37;2;3;3;;76
3272;4;10;1;66;10.0;9
3274;13;22;1;66;23.0;1
3278;13;2;91;2;1.0;15
3280;14;11;1;75;22.0;7
3281;29;2;1;9;0.0;65
3282;22;2;62;7;2.0;1
3285;24;0;39;6;2.0;15
3286;12;23;4;58;21.0;2
3288;10;1;79;2;2.0;16
3289;4;13;4;67;17.0;11
3290;30;4;75;4;1.0;8
3292;17;1;84;5;2.0;15
3293;80;0;5;9;2.0;101
3294;85;2;4;11;2.0;94
3299;23;3;123;4;1.0;11
3301;2;14;5;56;12.0;9
3304;21;1;54;0;2.0;8
3305;41;0;0;5;1.0;65
3307;76;1;1;1;0.0;51
3308;79;0;1;9;2.0;94
3311;80;0;5;8;0.0;69
3312;40;1;1;6;2.0;53
3314;10;18;1;37;22.0;15
3317;11;18;4;58;8.0;4
3319;15;16;4;34;21.0;4
3321;17;20;4;38;17.0;16
3324;5;16;1;57;10.0;9
3326;9;16;0;67;18.0;2
3327;9;14;4;52;20.0;18
3328;6;10;3;31;18.0;16
3332;13;3;82;6;1.0;14
3333;5;19;5;58;11.0;14
3334;12;22;4;88;24.0;0
3335;10;20;2;68;10.0;0
3336;0;15;3;29;10.0;3
3338;6;20;0;49;7.0;15
3340;0;16;4;29;22.0;5
3341;50;1;5;5;0.0;101
3345;74;2;7;11;0.0;93
3346;23;2;1;5;0.0;91
3347;57;1;2;2;2.0;88
3350;9;0;99;2;1.0;15
3352;16;2;115;7;0.0;21
3353;6;1;115;4;2.0;2
3354;13;19;4;16;10.0;12
3357;15;7;0;19;17.0;11
3360;16;23;1;41;26.0;4
3361;49;0;7;0;2.0;67
3362;32;1;112;1;1.0;17
3363;4;15;1;53;23.0;17
3366;1;13;1;87;13.0;10
3368;83;1;1;6;1.0;51
3371;18;9;0;84;8.0;10
3372;21;3;50;2;;21
3374;56;0;3;10;1.0;61
3376;83;1;7;6;1.0;62
3378;15;12;0;36;24.0;17
3379;18;18;3;39;26.0;4
3381;22;1;41;2;2.0;12
3382;13;15;0;65;16.0;16
3383;86;2;0;0;2.0;75
3385;32;1;4;5;0.0;60
3388;31;3;44;3;0.0;11
3389;39;1;5;7;2.0;56
3390;48;1;0;1;0.0;67
3391;85;1;7;8;1.0;66
3392;56;0;5;3;0.0;78
3395;9;24;4;18;21.0;13
3396;78;0;7;11;2.0;78
3397;18;14;5;32;22.0;10
3400;7;9;0;87;25.0;9
3401;6;0;81;6;1.0;5
3404;13;10;3;60;12.0;10
3405;33;2;94;2;2.0;12
3407;30;1;6;9;0.0;92
3408;61;1;6;2;2.0;66
3409;16;23;4;32;7.0;6
3410;35;0;0;10;0.0;55
3411;77;1;1;1;2.0;56
3413;0;21;1;30;16.0;2
3415;29;0;1;2;1.0;96
3416;6;21;0;73;7.0;3
3417;30;1;71;2;2.0;10
3418;33;2;76;3;2.0;14
3420;81;0;7;2;1.0;84
3421;6;7;0;20;19.0;14
3422;3;1;92;1;0.0;14
3423;15;9;4;83;22.0;12
3428;65;0;7;0;0.0;53
3430;83;1;4;0;2.0;83
3431;47;2;0;7;2.0;60
3432;33;0;7;1;2.0;64
3436;5;19;3;24;15.0;1
3438;18;0;67;7;1.0;10
3442;4;8;0;82;10.0;1
3443;40;2;6;9;0.0;86
3453;2;22;4;72;15.0;4
3455;5;22;5;79;9.0;16
3456;11;16;4;72;15.0;17
3457;13;13;0;21;7.0;9
3459;10;11;0;32;16.0;11
3460;18;23;3;24;8.0;14
3461;16;2;118;1;1.0;20
3462;1;1;93;7;0.0;0
3466;50;1;2;1;0.0;88
3467;16;22;3;17;21.0;18
3468;26;1;58;0;1.0;4
3471;42;1;3;1;0.0;69
3472;2;2;63;6;1.0;12
3475;15;15;5;85;13.0;11
3477;55;0;7;4;0.0;56
3478;14;3;99;6;0.0;3
3479;5;8;4;17;9.0;2
3480;10;23;3;68;15.0;5
3482;75;2;5;2;2.0;69
3483;7;9;0;65;11.0;5
3484;15;16;3;68;17.0;15
3485;39;1;1;10;0.0;50
3488;4;11;4;45;25.0;12
3490;24;1;106;6;1.0;17
3492;16;3;56;1;0.0;2
3493;42;0;1;3;1.0;78
3494;71;0;5;10;1.0;93
3495;14;7;2;61;16.0;16
3496;8;19;2;81;25.0;15
3497;76;0;0;3;2.0;63
3498;17;20;1;56;10.0;9
3499;10;12;2;56;23.0;8
3501;6;15;3;52;23.0;5
3504;4;15;0;70;13.0;0
3506;11;21;3;48;12.0;14
3507;16;12;2;33;10.0;12
3508;1;12;2;47;24.0;7
3510;62;0;4;10;2.0;69
3511;19;9;3;52;18.0;19
3513;15;16;3;70;18.0;12
3514;30;3;49;3;1.0;6
3515;5;15;5;47;21.0;1
3516;5;9;1;45;13.0;19
3517;18;19;3;71;13.0;13
3520;15;19;3;15;12.0;14
3521;7;3;125;6;1.0;8
3522;7;24;2;73;20.0;15
3525;81;2;7;4;0.0;84
3529;38;0;1;2;1.0;64
3531;9;15;4;85;18.0;16
3532;9;24;0;78;12.0;9
3533;9;7;1;79;11.0;2
3534;36;4;47;0;2.0;20
3535;27;3;80;5;1.0;21
3536;7;8;0;72;20.0;13
3538;9;16;4;16;22.0;18
3540;32;3;55;5;0.0;18
3544;43;0;5;11;0.0;53
3548;19;19;0;38;10.0;19
3551;27;0;1;0;2.0;83
3552;3;17;2;62;13.0;6
3553;14;18;4;47;26.0;1
3554;3;1;65;7;0.0;5
3557;17;24;3;22;10.0;0
3558;29;4;77;6;2.0;18
3559;16;19;0;15;14.0;16
3563;8;9;2;79;14.0;11
3564;20;3;72;5;0.0;14
3566;2;15;0;69;13.0;14
3568;15;13;2;33;26.0;7
3569;2;3;45;1;1.0;2
3570;5;4;82;4;0.0;15
3571;18;20;0;70;18.0;12
3575;0;16;0;22;16.0;6
3576;69;2;7;8;0.0;95
3578;1;17;4;59;22.0;17
3580;41;1;1;7;1.0;54
3581;55;0;3;11;0.0;85
3583;13;20;3;50;7.0;6
3584;3;1;110;2;0.0;10
3585;79;1;0;6;2.0;82
3586;8;0;70;0;1.0;21
3587;54;1;4;0;1.0;55
3588;4;14;4;48;9.0;19
3593;13;20;2;81;14.0;2
3594;17;0;112;5;0.0;4
3596;5;0;50;6;2.0;7
3597;51;2;7;1;0.0;72
3598;18;24;3;58;26.0;3
3602;6;20;3;23;14.0;16
3605;65;0;6;10;0.0;97
3607;61;2;1;0;0.0;86
3608;0;2;127;1;0.0;1
3609;73;2;0;10;2.0;51
3610;57;1;2;10;0.0;88
3611;14;23;2;37;18.0;7
3612;81;1;6;7;2.0;79
3613;18;12;4;60;17.0;3
3616;33;2;63;6;2.0;10
3617;72;2;2;7;2.0;99
3618;55;2;7;11;0.0;79
3619;64;2;7;10;0.0;99
3621;45;0;5;7;2.0;55
3625;6;17;3;27;18.0;16
3626;55;0;3;7;0.0;85
3628;8;24;0;41;8.0;11
3629;43;0;3;2;2.0;84
3630;3;14;3;70;13.0;1
3632;11;22;3;29;11.0;8
3633;12;19;3;42;23.0;19
3636;10;3;93;1;2.0;3
3638;9;21;0;26;19.0;4
3639;6;14;4;32;24.0;16
3641;0;11;5;63;16.0;7
3643;78;0;6;9;2.0;62
3644;3;8;5;83;8.0;8
3646;18;14;4;37;20.0;18
3647;16;17;0;70;7.0;9
3648;19;15;1;77;17.0;4
3649;6;7;3;37;9.0;7
3650;25;3;118;3;0.0;2
3653;16;4;118;4;1.0;13
3657;19;22;3;41;15.0;16
3658;8;4;84;2;1.0;19
3659;4;11;3;88;16.0;8
3660;0;13;5;33;24.0;8
3661;11;4;105;0;0.0;16
3662;55;0;7;10;1.0;74
3663;27;1;3;9;0.0;83
3666;9;16;3;80;9.0;13
3673;7;13;3;78;16.0;15
3676;13;24;3;55;14.0;7
3677;29;2;3;11;1.0;97
3679;17;3;127;5;0.0;2
3680;11;16;3;38;26.0;17
3681;17;4;114;5;2.0;8
3682;41;2;5;1;0.0;69
3684;12;10;1;20;7.0;0
3685;86;0;4;4;0.0;87
3688;9;7;5;83;18.0;6
3689;15;17;2;51;22.0;10
3690;27;2;7;10;2.0;68
3691;9;11;5;66;25.0;19
3692;15;17;1;48;17.0;13
3694;62;0;7;7;1.0;92
3696;6;1;38;1;1.0;19
3698;17;15;5;81;11.0;6
3699;7;10;3;72;22.0;9
3701;28;0;127;3;1.0;1
3703;73;2;1;2;1.0;89
3706;1;14;4;85;24.0;1
3709;83;2;1;3;1.0;73
3710;50;0;1;1;0.0;100
3713;13;11;4;83;19.0;18
3716;69;1;4;0;2.0;85
3718;15;12;1;39;15.0;13
3720;14;1;69;0;1.0;6
3721;34;0;2;0;1.0;94
3723;32;0;54;7;2.0;10
3724;11;4;126;1;0.0;20
3726;14;7;3;55;7.0;4
3729;23;1;2;9;1.0;102
3730;49;0;1;6;2.0;77
3732;8;3;87;4;2.0;8
3733;8;12;3;31;7.0;5
3734;2;14;0;74;11.0;14
3735;43;0;1;7;1.0;61
3736;24;1;6;7;2.0;56
3738;1;10;3;86;16.0;18
3739;19;20;4;64;18.0;3
3740;14;4;113;2;2.0;3
3742;14;3;104;3;1.0;9
3744;84;0;6;6;0.0;97
3745;28;2;53;3;1.0;9
3746;15;8;1;55;7.0;0
3747;14;0;82;5;2.0;19
3748;55;2;7;1;0.0;98
3749;33;0;2;5;2.0;91
3752;80;2;3;4;2.0;94
3754;79;2;0;10;2.0;78
3755;56;1;3;6;0.0;96
3757;22;1;112;2;1.0;6
3758;10;1;52;6;2.0;17
3759;7;4;43;6;2.0;6
3760;66;2;5;7;1.0;100
3762;4;20;3;77;7.0;7
3763;9;14;0;40;15.0;16
3764;27;0;108;6;2.0;11
3765;18;9;2;20;8.0;13
3766;27;1;86;1;0.0;4
3768;2;8;3;27;25.0;10
3769;83;1;7;3;2.0;67
3770;9;17;0;55;24.0;10
3771;85;1;0;3;2.0;66
3773;0;9;5;43;10.0;13
3776;11;11;2;83;7.0;5
3777;15;18;5;35;16.0;1
3778;17;8;1;29;24.0;19
3779;16;10;2;16;8.0;2
3782;67;1;3;10;1.0;56
3783;79;2;3;3;0.0;69
3784;33;2;99;5;2.0;8
3785;10;24;5;38;18.0;6
3789;8;12;5;77;14.0;9
3790;16;9;4;63;23.0;4
3792;17;19;0;15;8.0;4
3793;10;19;1;57;21.0;19
3795;26;2;6;8;2.0;66
3798;7;15;5;22;21.0;4
3799;82;0;0;10;1.0;78
3801;71;1;7;4;2.0;75
3802;16;2;65;0;0.0;12
3803;70;1;1;8;0.0;68
3804;7;21;4;50;25.0;16
3806;42;2;7;11;2.0;84
3807;15;12;0;75;14.0;17
3808;72;2;1;10;0.0;89
3810;8;1;73;3;0.0;3
3811;23;0;107;3;0.0;5
3812;21;3;111;0;2.0;5
3813;20;0;79;1;1.0;11
3817;36;2;5;10;2.0;84
3818;70;2;6;8;0.0;100
3820;9;20;1;60;17.0;9
3821;9;23;2;50;7.0;15
3822;20;3;59;0;0.0;12
3824;15;21;0;44;24.0;18
3825;7;12;2;63;12.0;7
3826;53;0;3;7;1.0;85
3827;2;22;2;58;17.0;11
3828;14;12;0;44;18.0;9
3829;17;14;5;33;21.0;11
3830;5;0;84;7;1.0;3
3833;46;2;0;4;1.0;93
3836;0;1;61;6;2.0;0
3837;5;0;41;7;0.0;0
3838;6;15;2;41;11.0;3
3842;70;0;0;6;0.0;81
3844;15;14;3;75;21.0;6
3845;5;18;0;34;15.0;19
3846;7;7;0;17;16.0;4
3847;12;10;5;34;15.0;8
3848;76;1;0;6;1.0;71
3849;20;1;42;4;2.0;18
3850;25;3;40;7;2.0;0
3852;6;18;2;24;15.0;18
3854;14;13;0;64;23.0;1
3855;5;19;0;45;26.0;10
3856;12;22;0;73;7.0;11
3857;68;0;4;10;1.0;80
3858;18;17;1;54;10.0;3
3859;15;15;5;28;22.0;2
3861;19;18;4;35;22.0;9
3863;9;4;118;4;0.0;3
3864;18;1;56;3;0.0;7
3865;18;18;4;58;9.0;4
3867;5;9;2;31;22.0;14
3868;14;21;5;69;14.0;1
3870;4;9;5;38;8.0;18
3872;16;22;4;55;15.0;7
3873;1;22;3;77;23.0;9
3874;11;8;2;29;14.0;14
3876;7;14;5;63;14.0;16
3877;9;12;0;45;17.0;12
3879;46;1;1;4;0.0;62
3880;39;0;1;6;2.0;97
3883;9;10;1;59;10.0;11
3884;19;24;2;83;15.0;16
3885;79;2;5;2;0.0;62
3887;18;18;4;51;19.0;9
3888;29;2;5;3;0.0;61
3890;16;9;3;27;13.0;13
3893;71;2;5;4;0.0;74
3894;59;1;7;10;0.0;101
3898;19;16;5;47;9.0;6
3901;32;3;55;6;2.0;9
3903;2;13;5;72;10.0;9
3904;19;10;1;35;26.0;19
3905;24;0;4;4;2.0;101
3906;13;22;3;50;12.0;15
3907;86;0;4;2;1.0;54
3908;19;9;3;35;25.0;15
3909;12;13;3;48;12.0;18
3910;41;0;4;11;2.0;92
3911;21;3;100;4;1.0;11
3912;25;0;56;2;2.0;21
3915;8;4;38;5;0.0;17
3916;17;15;0;29;13.0;2
3919;0;20;5;83;23.0;4
3920;27;1;6;10;1.0;67
3922;30;1;4;4;2.0;66
3923;4;15;3;42;26.0;16
3927;8;23;1;54;20.0;19
3928;8;20;5;75;8.0;2
3929;2;10;0;32;7.0;7
3930;12;4;39;3;0.0;14
3932;21;0;124;1;0.0;16
3934;86;1;0;11;1.0;93
3935;17;4;62;3;0.0;6
3936;9;22;0;70;26.0;3
3938;29;4;73;2;2.0;3
3945;24;1;6;6;1.0;84
3947;44;1;2;3;2.0;61
3949;57;1;6;10;0.0;53
3950;0;1;73;3;1.0;9
3952;2;14;4;35;19.0;11
3953;12;14;0;78;24.0;0
3954;82;1;7;10;0.0;70
3955;54;1;5;5;0.0;80
3958;27;0;1;6;0.0;67
3960;27;0;4;8;2.0;58
3961;7;13;4;57;26.0;2
3962;15;9;3;36;11.0;13
3964;24;0;0;5;2.0;71
3965;11;20;4;17;18.0;17
3966;67;2;3;9;2.0;84
3967;15;14;3;37;22.0;11
3969;26;2;4;4;0.0;79
3972;7;19;0;29;18.0;16
3973;5;11;4;30;16.0;7
3974;1;12;2;25;26.0;12
3979;66;1;4;6;1.0;94
3980;18;2;89;0;1.0;13
3983;19;3;66;6;2.0;6
3984;19;3;83;1;0.0;7
3985;36;0;3;11;0.0;84
3986;40;1;1;6;2.0;88
3987;44;2;1;11;2.0;97
3989;57;0;2;4;0.0;72
3990;11;24;1;64;8.0;10
3991;83;1;1;9;2.0;66
3993;11;3;121;2;1.0;3
3994;58;1;4;3;2.0;65
3995;3;13;0;26;18.0;15
3996;76;1;3;4;1.0;75
3998;5;19;5;40;22.0;11
3999;6;2;74;1;0.0;6
4000;50;1;4;2;0.0;68
4002;8;24;5;65;25.0;15
4003;56;0;1;0;2.0;71
4005;46;2;7;0;2.0;58
4006;14;21;5;16;8.0;19
4008;9;22;0;37;17.0;5
4009;5;23;3;44;19.0;13
4010;8;13;5;73;26.0;6
4012;11;19;4;35;26.0;3
4013;12;24;3;48;18.0;15
4014;52;1;5;10;0.0;94
4015;2;24;3;58;19.0;5
4016;16;4;93;4;0.0;12
4018;7;14;3;51;10.0;18
4020;6;14;1;70;7.0;17
4023;1;14;5;64;11.0;15
4024;59;2;2;9;0.0;71
4025;76;2;6;8;2.0;101
4026;1;18;5;17;26.0;2
4027;16;15;1;24;10.0;0
4031;66;2;2;5;2.0;72
4032;9;18;4;68;22.0;19
4038;11;14;0;18;9.0;15
4041;70;1;6;0;0.0;91
4042;0;19;5;46;16.0;4
4045;68;0;0;3;2.0;62
4047;3;22;0;22;19.0;3
4049;16;1;61;2;1.0;11
4054;22;1;45;7;1.0;18
4055;15;24;0;38;17.0;9
4056;66;2;5;5;0.0;74
4058;27;4;53;5;1.0;2
4061;50;1;4;9;2.0;77
4062;9;21;5;36;19.0;13
4064;47;0;3;11;2.0;67
4066;10;18;3;60;9.0;17
4068;24;2;0;11;1.0;96
4074;12;12;4;15;21.0;10
4075;28;4;118;2;0.0;12
4076;48;2;3;3;0.0;74
4077;11;12;4;50;10.0;7
4078;3;19;5;63;21.0;14
4079;74;0;3;8;1.0;94
4081;5;15;5;45;14.0;5
4082;19;23;1;24;23.0;16
4083;15;17;2;28;20.0;3
4084;69;1;0;6;2.0;96
4086;69;0;5;8;1.0;75
4087;39;1;7;4;2.0;59
4088;10;9;0;76;24.0;0
4091;16;17;4;26;9.0;1
4093;54;2;0;3;1.0;92
4096;32;3;58;2;2.0;18
4100;9;12;1;33;22.0;2
4103;11;22;0;16;8.0;19
4107;0;17;3;19;7.0;12
4108;14;22;1;40;14.0;2
4109;1;3;55;3;2.0;17
4111;20;1;125;5;0.0;21
4114;23;0;75;7;2.0;17
4117;5;15;1;72;20.0;14
4119;38;2;2;0;2.0;71
4120;33;1;5;7;0.0;92
4121;82;0;5;2;0.0;55
4122;8;16;5;45;22.0;8
4124;29;4;53;2;2.0;8
4125;55;1;7;9;1.0;80
4126;84;2;4;6;1.0;80
4127;25;1;0;7;2.0;92
4129;31;1;1;0;1.0;84
4130;57;0;3;2;2.0;78
4132;25;0;43;1;0.0;9
4135;30;3;53;2;0.0;17
4138;29;2;0;1;2.0;53
4139;7;11;3;56;19.0;18
4141;6;18;5;65;17.0;3
4144;37;2;1;2;1.0;89
4146;4;14;0;63;19.0;15
4147;36;4;69;4;1.0;19
4148;64;0;7;5;2.0;70
4150;22;2;74;4;0.0;9
4151;18;0;82;0;2.0;6
4152;20;0;120;3;0.0;12
4153;75;2;6;10;0.0;82
4154;46;0;0;4;0.0;93
4155;26;2;62;6;2.0;15
4156;9;7;5;75;8.0;11
4157;13;4;84;4;2.0;14
4159;48;1;4;7;2.0;75
4160;2;16;2;31;19.0;16
4161;9;20;1;55;15.0;8
4164;49;0;7;2;0.0;54
4165;4;2;84;5;0.0;13
4168;23;1;4;0;1.0;74
4170;3;21;5;49;20.0;19
4171;6;2;120;6;2.0;17
4172;26;0;119;1;0.0;6
4175;3;1;38;1;2.0;15
4176;59;2;1;8;1.0;65
4178;54;2;0;3;2.0;57
4179;22;0;61;3;2.0;6
4181;7;21;5;69;7.0;9
4182;70;0;3;1;0.0;74
4183;10;10;3;52;9.0;16
4185;71;1;6;7;0.0;81
4186;23;1;1;9;0.0;82
4189;79;2;5;10;1.0;91
4190;31;2;4;8;0.0;58
4192;10;23;1;73;9.0;19
4194;2;9;5;87;22.0;14
4197;36;1;3;6;0.0;51
4199;26;2;76;1;0.0;16
4200;0;2;67;1;2.0;12
4204;12;3;118;1;2.0;10
4206;24;1;66;7;1.0;2
4207;16;20;2;69;16.0;12
4208;33;0;117;0;2.0;12
4209;77;0;1;5;1.0;50
4210;5;13;4;79;20.0;1
4211;18;4;80;0;2.0;0
4212;19;11;4;70;22.0;14
4213;8;9;0;77;19.0;0
4214;14;8;3;17;19.0;19
4215;24;0;3;7;0.0;61
4216;15;13;0;64;16.0;12
4217;7;2;106;3;2.0;2
4218;53;2;4;5;0.0;77
4219;86;0;2;8;0.0;94
4222;30;1;5;7;0.0;60
4223;6;1;126;1;1.0;6
4225;25;1;109;5;0.0;16
4226;11;20;0;16;16.0;9
4227;68;1;6;5;2.0;52
4228;23;4;108;7;0.0;1
4230;25;1;41;0;1.0;18
4232;4;14;5;29;13.0;17
4233;7;13;5;87;7.0;11
4236;43;0;0;9;0.0;80
4237;9;18;5;68;9.0;8
4238;0;8;5;71;8.0;17
4239;15;14;3;28;24.0;10
4240;19;19;2;32;16.0;1
4241;12;19;4;66;26.0;13
4244;34;4;56;2;2.0;11
4248;4;19;1;65;15.0;15
4249;9;1;103;1;0.0;8
4250;51;1;6;5;0.0;72
4251;15;3;53;7;2.0;5
4253;46;2;7;4;1.0;68
4255;14;20;2;43;15.0;16
4263;32;2;127;4;0.0;0
4264;5;9;5;54;21.0;15
4265;57;0;7;1;0.0;96
4267;8;1;54;1;1.0;10
4268;86;2;5;3;0.0;79
4270;17;20;4;58;7.0;13
4271;4;19;1;74;9.0;11
4272;80;1;6;4;0.0;82
4273;33;2;72;0;0.0;11
4274;4;12;2;32;13.0;9
4275;61;0;0;10;1.0;88
4276;25;0;1;9;0.0;77
4278;3;12;2;36;16.0;5
4279;5;4;47;0;1.0;9
4280;1;0;74;6;2.0;9
4281;1;0;98;1;1.0;10
4282;63;1;3;9;0.0;78
4284;19;9;4;24;25.0;6
4285;2;10;2;66;26.0;13
4286;24;3;93;4;2.0;15
4287;44;0;3;0;0.0;57
4289;12;13;4;57;25.0;10
4290;16;23;2;33;26.0;17
4292;53;1;6;1;2.0;96
4294;13;24;4;15;19.0;16
4296;2;19;3;37;16.0;18
4298;10;9;0;17;25.0;8
4299;54;0;0;0;1.0;87
4300;14;16;1;70;14.0;18
4302;6;15;1;59;10.0;1
4303;58;0;1;2;0.0;80
4311;13;16;3;62;25.0;18
4312;9;3;61;6;1.0;15
4315;50;0;2;4;2.0;81
4316;10;8;2;55;15.0;6
4317;8;7;3;49;14.0;3
4318;34;2;3;5;0.0;58
4319;83;1;4;5;0.0;60
4320;15;1;96;1;1.0;21
4322;11;11;2;38;11.0;6
4323;7;18;5;43;12.0;16
4324;0;14;3;60;15.0;10
4326;6;8;2;64;12.0;6
4329;5;13;4;58;15.0;6
4330;47;0;4;7;1.0;102
4331;17;4;40;3;0.0;10
4332;63;1;6;1;2.0;84
4333;69;1;3;0;1.0;75
4335;16;20;3;51;24.0;2
4336;1;3;37;2;2.0;9
4337;9;24;1;17;14.0;0
4338;3;8;3;56;13.0;14
4339;18;10;5;22;11.0;0
4340;47;0;1;1;2.0;100
4341;11;17;2;86;9.0;6
4342;16;9;2;59;24.0;9
4345;1;10;4;34;13.0;13
4346;75;2;4;2;2.0;77
4347;10;8;1;87;12.0;18
4348;5;3;115;7;2.0;12
4349;85;0;2;5;0.0;57
4351;66;1;2;10;1.0;75
4352;0;4;47;6;0.0;9
4353;11;0;96;7;0.0;21
4356;3;24;1;21;13.0;14
4357;5;15;1;62;17.0;9
4358;3;3;57;3;0.0;12
4359;12;21;3;68;22.0;7
4361;6;24;0;29;19.0;16
4363;14;11;1;16;13.0;12
4364;11;17;3;28;13.0;13
4366;1;24;2;21;8.0;6
4367;11;14;4;72;23.0;9
4368;11;19;4;62;26.0;1
4372;10;21;3;39;12.0;12
4374;19;2;85;2;0.0;0
4375;13;11;0;60;7.0;9
4377;11;8;5;15;17.0;10
4378;16;12;4;56;17.0;0
4379;2;4;70;0;1.0;9
4380;15;21;2;32;21.0;8
4383;54;1;3;4;0.0;84
4385;18;8;0;77;18.0;12
4387;46;2;0;6;1.0;94
4388;9;19;4;54;8.0;3
4389;18;20;4;88;14.0;6
4394;12;19;1;20;10.0;8
4395;1;14;3;65;17.0;16
4399;12;3;63;7;1.0;5
4400;24;2;52;6;2.0;4
4401;7;19;0;41;25.0;8
4402;31;0;0;7;0.0;74
4405;17;14;4;87;7.0;18
4407;6;19;5;59;19.0;3
4410;17;11;0;29;12.0;19
4411;22;3;52;0;2.0;13
4412;38;2;6;1;1.0;91
4413;0;0;67;3;2.0;0
4414;57;1;6;11;1.0;98
4415;13;4;91;4;0.0;19
4417;1;0;110;3;1.0;2
4422;38;2;2;3;0.0;60
4423;61;2;3;8;2.0;62
4424;64;2;6;10;2.0;87
4426;2;19;2;69;25.0;5
4428;77;0;5;6;2.0;93
4431;9;16;4;49;26.0;15
4432;39;1;4;2;0.0;61
4435;15;16;1;57;23.0;1
4437;43;1;3;11;2.0;73
4438;14;8;2;76;9.0;1
4439;25;2;7;3;1.0;72
4440;11;10;1;88;11.0;4
4441;18;3;54;4;2.0;14
4442;31;4;42;2;2.0;15
4444;46;1;3;0;1.0;84
4446;42;1;0;11;0.0;59
4447;22;4;86;7;1.0;12
4448;41;2;1;1;1.0;92
4449;21;3;50;4;0.0;14
4450;3;8;4;47;12.0;17
4452;15;11;2;22;14.0;10
4456;74;1;4;2;0.0;75
4457;9;1;56;1;2.0;11
4458;19;21;2;44;15.0;4
4459;46;2;1;2;1.0;88
4460;9;2;85;2;2.0;12
4463;17;0;121;3;1.0;2
4464;52;0;6;5;0.0;83
4467;34;3;63;2;1.0;17
4468;15;20;1;67;20.0;0
4469;14;13;3;68;13.0;13
4471;17;20;0;19;11.0;10
4472;70;2;7;4;2.0;67
4475;13;22;2;72;16.0;18
4476;82;2;3;4;2.0;52
4477;47;2;0;11;2.0;95
4480;17;17;4;88;22.0;19
4481;71;1;6;5;0.0;99
4484;8;12;1;62;22.0;13
4487;59;1;5;7;1.0;58
4488;9;7;0;62;22.0;1
4489;17;14;2;28;25.0;10
4490;29;2;108;6;0.0;12
4491;2;14;2;23;26.0;18
4495;15;15;3;29;9.0;8
4497;54;1;1;4;0.0;56
4498;57;1;1;5;1.0;71
4499;7;10;4;71;12.0;0
4502;12;7;0;57;26.0;3
4503;4;15;2;51;21.0;11
4504;28;3;98;1;1.0;8
4505;9;2;112;2;0.0;3
4506;2;1;79;3;2.0;0
4509;13;18;0;46;13.0;14
4512;31;4;113;1;1.0;18
4513;15;14;0;51;7.0;2
4515;74;1;3;6;1.0;58
4516;11;8;5;77;8.0;6
4517;3;21;5;75;11.0;15
4518;50;2;3;10;0.0;102
4519;23;0;5;11;2.0;76
4522;3;13;5;82;14.0;18
4524;24;1;3;0;2.0;63
4525;9;23;0;77;15.0;15
4526;72;2;4;2;2.0;100
4527;46;2;3;6;2.0;57
4528;0;8;2;29;23.0;10
4530;11;7;1;62;10.0;17
4531;47;0;2;2;0.0;81
4532;74;2;7;0;2.0;60
4535;1;19;1;23;26.0;5
4536;12;22;0;77;13.0;10
4537;32;1;117;0;1.0;3
4539;0;21;5;78;20.0;18
4540;2;20;1;65;14.0;0
4544;15;15;5;40;22.0;1
4545;36;1;5;10;1.0;77
4546;30;1;5;5;0.0;62
4548;18;13;5;46;17.0;14
4549;1;18;3;78;22.0;12
4551;20;1;100;0;2.0;2
4553;52;0;7;3;1.0;78
4554;15;9;2;37;21.0;16
4555;12;13;2;26;11.0;14
4556;17;18;3;63;24.0;8
4557;18;8;0;85;15.0;7
4559;8;23;0;45;20.0;14
4561;34;1;95;7;2.0;18
4562;16;24;4;20;18.0;1
4565;48;1;1;9;2.0;73
4567;15;8;4;81;16.0;10
4568;16;23;3;43;22.0;0
4569;1;7;4;45;16.0;15
4570;0;13;3;82;13.0;16
4571;35;3;70;5;1.0;6
4572;66;0;3;2;0.0;77
4573;14;8;5;78;13.0;4
4575;10;9;1;54;10.0;7
4577;13;4;48;0;1.0;14
4578;15;4;60;4;1.0;0
4579;4;10;3;48;13.0;6
4582;5;16;2;27;19.0;6
4585;11;2;45;6;1.0;12
4589;74;2;7;0;1.0;55
4593;10;8;2;58;22.0;14
4594;31;4;70;3;0.0;8
4596;0;3;90;1;0.0;7
4598;12;11;3;33;8.0;16
4600;14;13;4;83;20.0;5
4601;15;7;4;74;9.0;13
4603;50;0;0;0;1.0;94
4604;1;18;0;77;26.0;10
4605;10;0;69;5;2.0;17
4607;1;24;2;41;9.0;5
4608;15;1;125;3;1.0;13
4611;82;0;5;4;0.0;70
4613;73;2;7;5;0.0;96
4614;62;0;2;4;2.0;63
4615;12;3;42;0;0.0;14
4616;12;19;5;69;13.0;19
4617;5;24;1;39;12.0;1
4619;45;0;1;5;0.0;80
4620;15;1;106;5;2.0;0
4623;82;2;7;4;1.0;62
4624;16;16;3;48;9.0;8
4625;66;2;5;6;1.0;52
4627;80;0;6;7;2.0;51
4629;23;1;1;11;1.0;68
4630;66;1;0;0;2.0;90
4632;13;3;74;4;1.0;7
4633;36;1;66;6;1.0;21
4634;5;2;38;0;2.0;4
4637;11;3;88;0;1.0;3
4639;82;1;1;2;1.0;69
4642;21;2;60;7;1.0;11
4643;57;1;2;9;1.0;57
4644;18;8;0;41;10.0;10
4646;22;0;116;2;1.0;10
4649;16;12;1;26;25.0;1
4650;43;1;1;10;2.0;92
4652;7;4;112;4;0.0;16
4653;5;3;45;6;2.0;9
4655;3;20;5;85;24.0;14
4658;12;18;0;86;23.0;14
4659;73;1;5;9;1.0;81
4660;54;0;6;6;2.0;58
4661;19;21;4;42;10.0;9
4663;50;2;5;1;0.0;98
4664;49;0;2;10;2.0;92
4665;4;17;0;23;12.0;3
4667;16;22;4;51;25.0;17
4668;13;7;5;84;7.0;7
4670;31;2;5;6;2.0;97
4672;25;4;111;5;0.0;15
4673;28;0;5;1;0.0;85
4675;55;1;7;11;2.0;74
4681;19;23;3;84;17.0;5
4682;45;2;5;9;1.0;65
4683;3;23;4;20;19.0;15
4685;14;20;5;62;20.0;15
4686;0;18;5;85;9.0;9
4687;64;1;5;2;0.0;62
4688;9;22;0;65;8.0;12
4689;61;2;2;4;0.0;81
4690;50;1;1;9;0.0;50
4691;29;3;49;1;1.0;20
4693;74;0;7;2;0.0;53
4696;0;16;1;41;17.0;9
4697;8;17;1;34;26.0;10
4698;4;8;3;50;25.0;6
4701;4;1;98;5;2.0;6
4702;36;0;82;2;2.0;21
4706;11;12;1;19;22.0;3
4707;14;14;3;78;26.0;15
4709;35;1;115;4;0.0;13
4710;10;24;0;70;8.0;18
4711;71;1;2;8;2.0;62
4712;7;20;0;29;26.0;18
4714;12;20;5;73;19.0;9
4715;15;24;3;55;15.0;16
4717;17;21;4;83;21.0;10
4719;23;2;104;6;0.0;8
4720;27;4;59;0;1.0;11
4723;25;3;90;0;0.0;14
4724;24;1;4;3;2.0;87
4726;4;15;3;79;24.0;12
4728;13;18;1;31;23.0;10
4729;13;15;3;85;23.0;5
4730;14;11;1;63;21.0;17
4732;1;0;118;3;1.0;0
4734;8;18;4;78;25.0;10
4737;19;16;0;30;13.0;10
4739;17;2;125;4;1.0;18
4740;34;2;112;4;0.0;1
4741;8;18;4;24;20.0;1
4742;53;1;5;0;1.0;93
4743;23;0;0;5;2.0;95
4744;19;23;2;74;12.0;19
4745;1;24;0;66;13.0;8
4746;2;12;3;52;14.0;17
4747;4;9;1;86;11.0;7
4748;52;0;5;5;0.0;100
4750;15;16;3;73;22.0;13
4751;11;12;2;42;25.0;13
4754;52;2;6;7;1.0;101
4757;7;21;3;67;18.0;14
4760;34;0;6;0;1.0;79
4763;75;1;3;0;2.0;84
4764;32;4;54;7;1.0;5
4767;18;16;4;74;8.0;0
4768;5;12;3;18;9.0;4
4769;17;1;126;0;0.0;1
4770;25;4;59;5;1.0;1
4771;4;13;3;23;25.0;13
4772;11;17;5;73;20.0;7
4773;27;2;1;10;0.0;51
4775;2;24;1;65;19.0;9
4776;18;8;5;52;22.0;15
4777;1;24;3;80;26.0;1
4778;54;1;4;3;2.0;50
4779;9;16;5;35;16.0;13
4784;27;4;114;6;2.0;5
4785;23;4;115;6;1.0;21
4786;25;0;46;7;0.0;0
4787;27;4;65;0;2.0;10
4789;11;13;0;61;17.0;9
4791;11;14;5;82;22.0;12
4792;16;7;0;17;18.0;18
4793;48;0;4;9;2.0;100
4794;76;0;7;10;0.0;97
4795;69;2;5;10;0.0;98
4796;85;0;2;5;1.0;65
4797;71;0;7;8;1.0;95
4798;5;19;0;60;17.0;1
4800;4;7;5;27;25.0;12
4801;23;4;116;6;1.0;14
4802;36;1;3;11;1.0;55
4803;2;21;2;80;22.0;19
4804;81;2;0;2;0.0;88
4805;12;22;2;82;8.0;19
4806;12;18;2;65;7.0;18
4807;4;14;1;15;23.0;2
4808;85;2;2;0;2.0;50
4809;19;23;5;84;11.0;11
4810;5;7;0;72;13.0;12
4811;7;10;2;31;11.0;17
4812;0;1;115;5;0.0;10
4813;34;2;4;5;0.0;102
4814;82;2;4;7;0.0;88
4819;3;19;0;46;18.0;18
4821;38;0;4;2;1.0;87
4824;19;17;4;20;8.0;5
4825;69;2;7;8;2.0;62
4826;4;14;2;53;12.0;16
4827;15;9;1;58;14.0;7
4828;71;0;6;4;1.0;77
4829;2;17;3;84;22.0;15
4830;33;2;4;1;0.0;99
4831;23;0;1;6;2.0;85
4834;8;19;3;18;22.0;4
4835;11;24;3;19;19.0;16
4836;72;2;4;0;0.0;102
4839;7;21;0;77;22.0;9
4840;85;2;3;2;1.0;87
4844;4;13;5;50;12.0;8
4848;49;1;5;4;1.0;66
4849;75;1;7;6;1.0;62
4850;57;1;5;1;2.0;97
4852;74;2;2;7;2.0;63
4853;18;3;64;7;0.0;17
4854;18;19;3;52;14.0;5
4855;5;16;0;36;22.0;19
4856;56;1;2;1;2.0;66
4857;48;2;1;11;2.0;62
4858;57;1;7;1;1.0;63
4859;15;22;2;68;7.0;17
4860;42;2;7;5;0.0;92
4863;1;3;89;6;2.0;15
4866;13;13;2;63;21.0;14
4868;18;11;1;57;17.0;19
4869;12;23;3;66;7.0;10
4871;14;18;3;84;18.0;12
4872;13;3;54;7;2.0;18
4873;23;0;108;1;1.0;0
4874;26;2;112;5;2.0;21
4875;13;11;2;74;10.0;17
4877;11;23;1;62;20.0;10
4880;4;17;1;53;7.0;2
4881;62;1;6;6;2.0;55
4883;4;12;0;64;19.0;1
4884;15;18;0;86;10.0;1
4886;4;20;0;47;25.0;10
4887;16;14;4;73;21.0;6
4888;15;20;3;85;25.0;14
4889;6;7;4;44;13.0;19
4892;33;2;7;9;0.0;97
4893;0;24;0;57;14.0;5
4895;6;20;1;41;22.0;1
4896;13;9;5;18;17.0;9
4898;1;1;122;7;2.0;18
4899;4;16;4;83;23.0;7
4900;85;1;7;7;2.0;89
4901;1;9;5;80;18.0;0
4903;2;14;3;55;18.0;19
4905;38;2;0;9;1.0;67
4906;12;0;83;3;2.0;17
4907;1;22;2;67;12.0;14
4910;74;1;5;4;0.0;90
4911;12;15;3;61;7.0;19
4915;63;2;3;9;2.0;88
4916;14;20;0;55;7.0;10
4918;10;18;5;64;17.0;6
4919;15;8;4;68;17.0;5
4920;30;1;61;4;2.0;15
4922;6;1;73;7;0.0;20
4927;42;1;3;8;1.0;83
4929;14;13;2;71;14.0;9
4930;19;0;42;5;0.0;4
4931;18;10;0;48;10.0;12
4932;0;12;5;60;19.0;5
4935;13;14;5;21;22.0;12
4936;2;3;85;6;2.0;11
4937;12;23;5;73;13.0;7
4938;74;1;1;0;2.0;71
4941;13;22;1;58;16.0;6
4943;14;15;1;79;24.0;6
4944;7;21;5;63;25.0;4
4948;5;24;1;58;8.0;14
4949;42;2;5;0;2.0;65
4950;4;9;0;66;13.0;9
4952;2;16;3;71;15.0;7
4956;5;21;4;56;7.0;17
4957;14;1;123;5;0.0;12
4961;14;8;0;43;13.0;18
4965;6;11;2;62;14.0;15
4970;40;1;0;11;0.0;94
4971;19;14;0;66;8.0;16
4972;12;7;3;65;15.0;19
4977;9;21;4;49;19.0;19
4978;33;2;7;9;0.0;68
4980;59;2;2;2;1.0;76
4983;25;3;101;4;1.0;2
4986;14;3;79;3;2.0;14
4987;14;22;1;86;9.0;10
4989;1;1;52;1;0.0;9
4990;67;2;6;2;2.0;100
4991;4;15;5;29;25.0;1
4994;39;2;3;4;0.0;87
4995;7;10;5;35;22.0;14
4997;61;1;3;3;2.0;84
4999;1;15;0;16;22.0;14
5001;47;1;1;1;0.0;85
5002;13;13;4;62;16.0;6
5004;48;1;1;1;0.0;94
5005;13;20;0;31;24.0;14
5007;10;20;1;80;21.0;15
5010;16;1;102;5;0.0;0
5013;18;19;2;15;12.0;2
5017;34;1;5;2;0.0;54
5018;16;17;1;71;21.0;11
5019;63;0;7;9;1.0;91
5021;22;4;53;5;2.0;7
5023;58;0;6;7;2.0;90
5025;1;16;0;28;9.0;1
5026;6;11;0;25;24.0;18
5027;15;23;5;23;10.0;14
5028;17;24;1;52;9.0;8
5029;4;15;3;26;15.0;11
5030;71;2;6;3;0.0;50
5031;36;1;1;9;2.0;70
5032;12;22;2;62;25.0;1
5033;4;15;3;48;14.0;11
5038;55;1;7;10;1.0;89
5041;39;0;2;6;2.0;86
5042;14;16;3;36;16.0;17
5043;60;0;3;4;2.0;96
5044;4;20;2;19;8.0;19
5045;25;0;0;5;0.0;58
5047;26;2;62;6;0.0;1
5048;19;22;1;79;18.0;1
5049;5;11;4;60;10.0;13
5050;27;2;6;10;2.0;59
5052;28;3;60;1;2.0;4
5053;7;21;0;22;25.0;11
5056;58;0;1;0;0.0;75
5057;17;4;108;1;2.0;21
5058;15;7;1;32;23.0;5
5061;13;1;54;2;0.0;5
5063;4;17;1;31;10.0;1
5064;19;8;5;81;10.0;2
5065;9;3;113;3;2.0;10
5066;45;1;4;6;0.0;96
5067;18;18;3;29;11.0;10
5068;41;1;4;11;1.0;76
5069;51;1;3;9;2.0;90
5071;13;1;105;3;2.0;20
5074;34;0;115;4;0.0;13
5075;16;18;1;82;8.0;15
5076;3;13;2;26;23.0;0
5077;0;13;4;71;15.0;0
5078;4;10;1;43;12.0;18
5079;5;23;1;29;23.0;3
5080;45;0;1;1;2.0;62
5085;22;4;107;4;0.0;0
5086;7;3;123;1;0.0;19
5087;53;1;0;4;2.0;52
5089;35;1;4;0;1.0;95
5090;34;1;116;5;2.0;16
5091;57;1;1;0;2.0;69
5092;63;0;1;3;0.0;50
5095;1;3;43;3;0.0;4
5097;15;11;3;48;14.0;0
5098;26;4;121;0;2.0;7
5099;34;1;6;11;0.0;59
5100;6;11;5;65;25.0;2
5101;70;2;3;10;0.0;67
5102;69;2;0;11;1.0;102
5103;19;16;1;80;20.0;18
5104;73;2;1;8;2.0;66
5105;10;21;3;59;18.0;9
5107;12;2;75;7;2.0;3
5108;54;2;6;9;2.0;59
5110;27;3;52;0;0.0;4
5111;18;9;4;52;22.0;14
5112;2;24;3;24;24.0;5
5113;62;2;1;5;1.0;99
5114;8;12;3;59;13.0;3
5116;11;16;3;25;8.0;5
5117;11;19;3;54;21.0;5
5118;64;1;5;9;2.0;102
5123;11;7;3;53;14.0;6
5125;28;2;57;0;0.0;8
5128;5;19;2;69;18.0;19
5129;48;0;4;2;2.0;58
5130;27;2;52;1;2.0;19
5131;39;1;1;7;2.0;61
5132;14;23;5;69;10.0;11
5133;10;9;3;82;14.0;9
5134;81;0;5;10;2.0;79
5135;5;8;2;80;11.0;18
5137;5;10;1;48;26.0;1
5142;84;2;4;3;2.0;91
5143;14;21;2;27;10.0;18
5144;18;9;0;46;21.0;12
5145;41;1;4;0;2.0;56
5146;2;20;1;42;23.0;1
5148;16;1;105;6;2.0;5
5151;85;0;6;9;1.0;51
5152;54;2;4;3;2.0;100
5153;3;16;4;50;14.0;15
5154;22;3;75;2;2.0;12
5155;9;14;5;36;9.0;13
5156;11;13;4;51;13.0;0
5157;11;12;3;57;10.0;19
5159;16;10;4;52;24.0;18
5160;8;12;0;18;18.0;10
5161;0;18;4;35;18.0;15
5162;0;16;5;23;9.0;2
5163;12;17;1;24;12.0;7
5164;33;3;58;3;2.0;9
5167;11;24;0;25;18.0;2
5168;50;1;2;3;0.0;68
5173;82;1;5;10;0.0;62
5174;10;2;38;6;0.0;0
5175;83;1;0;1;0.0;88
5176;84;0;2;10;0.0;101
5177;9;21;4;43;19.0;4
5178;14;12;1;75;22.0;3
5179;5;24;1;48;7.0;3
5180;35;0;0;4;1.0;72
5181;19;23;4;38;14.0;17
5183;26;1;6;0;2.0;75
5185;80;2;4;7;1.0;91
5186;9;7;3;27;17.0;6
5188;11;7;2;69;24.0;0
5190;15;7;3;37;22.0;7
5191;7;14;5;73;16.0;10
5192;11;12;2;45;11.0;4
5193;4;7;1;22;21.0;14
5194;25;0;1;8;0.0;76
5195;80;2;5;0;0.0;92
5196;8;17;1;67;7.0;19
5198;1;11;4;68;24.0;7
5199;9;4;90;5;2.0;19
5200;12;24;2;50;25.0;19
5204;3;0;80;2;0.0;16
5205;15;15;5;33;24.0;3
5209;25;1;1;10;1.0;76
5210;9;4;44;5;0.0;18
5212;10;17;1;19;7.0;6
5213;68;1;4;1;2.0;78
5214;82;1;2;8;1.0;92
5216;9;12;3;21;15.0;14
5217;10;13;3;28;26.0;4
5222;5;15;4;84;21.0;11
5223;14;18;3;86;18.0;18
5224;51;1;7;5;2.0;88
5225;19;8;3;27;13.0;1
5227;41;1;1;5;2.0;100
5228;2;8;0;31;23.0;5
5229;3;9;5;24;22.0;4
5230;1;10;2;35;19.0;4
5231;1;0;102;5;0.0;21
5232;13;9;0;72;15.0;3
5234;12;1;99;5;1.0;16
5237;2;15;2;64;22.0;2
5238;34;0;2;1;1.0;51
5239;15;15;5;67;14.0;15
5240;4;3;89;7;1.0;3
5241;24;0;2;0;0.0;58
5247;30;2;3;2;1.0;65
5248;27;1;82;4;2.0;0
5249;14;2;115;5;0.0;21
5251;2;23;5;56;7.0;2
5252;9;10;2;31;14.0;11
5253;1;11;2;54;8.0;17
5254;82;1;6;2;1.0;95
5261;83;2;0;4;0.0;75
5263;16;14;1;72;20.0;16
5266;32;1;3;0;0.0;73
5267;67;0;4;4;0.0;92
5269;0;21;1;34;8.0;2
5270;7;16;1;60;16.0;0
5272;12;13;3;66;19.0;12
5273;50;2;2;7;1.0;84
5274;26;1;61;2;0.0;7
5275;9;23;3;85;8.0;12
5277;20;1;76;0;1.0;0
5278;85;0;4;9;1.0;68
5279;2;14;1;35;20.0;11
5283;27;4;82;2;0.0;19
5284;19;18;0;78;25.0;1
5285;2;19;0;75;17.0;8
5286;16;14;0;35;18.0;0
5287;76;1;1;7;1.0;92
5291;19;12;4;83;25.0;11
5292;4;19;0;38;24.0;2
5293;12;8;0;43;21.0;16
5294;36;0;0;4;2.0;52
5295;12;1;71;4;0.0;6
5296;15;3;94;4;0.0;0
5297;3;18;2;71;11.0;0
5298;32;2;71;1;2.0;12
5299;54;0;4;10;1.0;81
5301;36;4;83;7;1.0;17
5302;9;7;3;47;14.0;1
5303;55;2;2;8;0.0;85
5304;79;2;0;3;1.0;102
5305;5;15;0;66;14.0;2
5308;15;23;3;27;16.0;1
5309;17;9;5;58;8.0;9
5310;5;24;5;61;10.0;13
5312;34;0;0;10;2.0;61
5313;11;0;68;7;2.0;1
5315;18;24;0;64;10.0;19
5316;12;12;1;40;19.0;2
5317;81;0;7;6;2.0;92
5320;70;1;2;10;2.0;53
5323;12;8;3;66;12.0;1
5326;29;0;4;1;0.0;95
5329;18;15;4;82;9.0;4
5332;3;18;2;69;24.0;16
5333;11;17;4;72;17.0;8
5335;32;2;4;2;1.0;80
5336;11;19;1;52;13.0;13
5344;7;12;4;61;21.0;6
5346;16;19;5;27;14.0;4
5349;64;1;6;8;1.0;81
5351;10;10;5;53;15.0;8
5352;8;17;4;63;23.0;13
5354;15;17;1;46;15.0;6
5355;36;4;47;0;2.0;14
5356;11;9;1;30;16.0;13
5357;10;21;0;42;18.0;18
5358;3;11;4;24;10.0;1
5361;79;0;2;4;1.0;59
5362;5;23;5;85;8.0;8
5363;23;4;52;7;1.0;13
5364;83;1;5;4;1.0;84
5368;28;1;76;0;2.0;9
5369;2;23;5;26;11.0;7
5370;85;0;0;8;1.0;85
5372;50;1;1;7;1.0;71
5374;16;0;67;4;1.0;5
5375;74;1;7;8;0.0;75
5376;45;0;5;5;0.0;66
5377;6;17;4;49;23.0;1
5378;69;1;0;9;1.0;80
5379;55;1;6;11;2.0;73
5380;5;23;4;58;15.0;15
5381;86;1;5;0;1.0;65
5382;34;3;103;7;1.0;0
5385;13;16;5;37;11.0;12
5386;15;14;4;39;15.0;8
5387;65;0;6;11;2.0;75
5388;81;2;4;2;2.0;94
5389;18;4;99;1;0.0;18
5390;11;12;5;23;15.0;9
5391;22;2;38;3;2.0;5
5392;13;2;49;2;2.0;0
5394;14;14;5;72;14.0;17
5396;80;2;4;3;0.0;62
5398;1;7;4;51;10.0;6
5399;5;4;67;0;1.0;3
5400;25;1;42;1;0.0;2
5401;6;18;4;68;23.0;15
5402;11;0;85;6;1.0;5
5404;0;22;5;64;19.0;17
5405;18;24;1;80;12.0;14
5406;7;3;93;1;0.0;15
5407;3;22;2;38;15.0;15
5409;11;21;3;66;26.0;3
5412;4;10;1;63;18.0;5
5413;19;0;60;1;2.0;4
5414;16;18;4;56;11.0;6
5419;53;2;3;1;2.0;87
5422;86;2;1;6;1.0;59
5423;10;7;2;35;11.0;0
5425;9;16;3;65;14.0;6
5428;16;10;2;46;9.0;16
5429;5;24;4;74;10.0;0
5431;35;1;64;5;1.0;11
5432;26;1;7;10;1.0;94
5433;14;0;79;3;0.0;14
5436;19;11;2;66;15.0;15
5437;1;1;92;0;0.0;0
5438;3;9;2;24;19.0;9
5440;68;0;1;9;1.0;55
5441;17;10;1;40;16.0;6
5442;24;0;111;6;1.0;20
5443;28;2;2;4;0.0;93
5444;15;13;2;49;13.0;18
5446;66;1;5;8;2.0;94
5448;16;14;3;78;13.0;11
5449;13;18;2;73;8.0;3
5450;8;23;1;36;21.0;2
5452;34;4;122;4;0.0;8
5454;41;0;1;9;0.0;86
5455;62;2;0;11;1.0;93
5456;8;0;115;0;1.0;2
5457;11;16;2;15;19.0;13
5458;15;23;3;81;24.0;2
5459;11;18;3;23;22.0;8
5460;28;4;105;0;1.0;18
5462;25;2;47;0;2.0;10
5463;48;0;5;8;2.0;65
5466;2;1;84;0;1.0;7
5467;31;0;4;10;2.0;77
5468;15;7;4;27;7.0;15
5470;3;1;118;7;0.0;21
5471;0;19;1;15;15.0;16
5472;14;24;0;33;14.0;12
5476;4;14;3;46;24.0;12
5477;12;20;3;18;20.0;16
5478;12;19;2;67;12.0;17
5479;10;16;2;39;21.0;4
5480;85;0;3;5;1.0;86
5481;12;10;1;23;7.0;2
5483;56;2;0;4;0.0;58
5485;3;19;1;42;7.0;10
5486;14;22;0;24;14.0;7
5487;43;1;7;4;2.0;69
5488;9;22;4;23;20.0;5
5489;44;1;3;11;0.0;102
5490;3;8;4;29;8.0;13
5491;3;9;0;22;13.0;16
5492;57;1;5;4;1.0;101
5493;13;10;5;81;15.0;12
5495;16;8;4;19;20.0;9
5498;3;13;0;28;26.0;19
5499;10;13;5;45;19.0;7
5500;80;2;7;8;2.0;77
5501;13;12;2;73;16.0;15
5503;16;24;1;20;10.0;15
5504;5;17;3;35;10.0;13
5506;13;1;85;1;0.0;5
5508;6;9;3;87;14.0;10
5509;4;17;5;83;22.0;6
5510;38;1;3;5;2.0;91
5512;1;18;5;72;17.0;12
5513;56;1;3;5;2.0;57
5514;67;1;1;8;0.0;100
5516;9;20;1;74;8.0;7
5519;5;18;2;37;15.0;6
5521;32;3;57;7;2.0;13
5522;7;20;5;56;11.0;6
5526;24;0;103;6;2.0;10
5528;26;2;43;0;0.0;1
5529;28;0;1;11;1.0;64
5534;9;14;1;45;14.0;4
5535;5;17;2;74;7.0;10
5536;31;3;83;0;1.0;13
5537;15;24;2;22;7.0;5
5538;3;9;5;44;19.0;14
5540;15;12;5;21;11.0;19
5541;15;14;3;86;7.0;5
5542;6;21;3;31;11.0;16
5544;51;1;2;7;0.0;96
5546;3;8;2;65;19.0;19
5548;53;2;6;4;2.0;73
5551;19;2;119;4;0.0;16
5552;55;2;1;6;2.0;53
5553;28;4;110;3;2.0;7
5554;36;0;0;5;1.0;101
5556;12;17;2;76;7.0;7
5557;55;2;3;10;0.0;58
5558;17;8;3;85;24.0;9
5560;56;0;3;10;1.0;50
5562;1;2;66;6;0.0;15
5563;73;0;7;10;0.0;73
5564;32;1;59;5;2.0;3
5566;32;1;94;6;1.0;17
5567;0;4;119;3;1.0;15
5568;79;1;4;3;1.0;53
5569;33;1;122;7;1.0;14
5572;34;1;4;8;2.0;78
5573;12;9;3;71;12.0;3
5574;68;1;2;6;0.0;71
5575;3;21;0;74;22.0;9
5576;7;20;0;74;10.0;19
5577;3;14;3;19;10.0;8
5581;4;21;2;67;17.0;16
5582;71;1;7;8;0.0;63
5583;0;8;1;61;12.0;9
5585;6;12;5;33;13.0;9
5588;4;2;93;4;0.0;4
5590;3;24;3;80;24.0;15
5591;16;13;4;53;13.0;7
5592;6;23;2;36;16.0;16
5593;9;24;5;16;9.0;9
5595;18;13;1;82;20.0;12
5597;22;4;107;4;1.0;19
5599;35;4;91;0;0.0;2
5600;35;2;1;2;2.0;64
5601;10;11;0;80;12.0;17
5602;74;2;1;2;1.0;102
5603;7;18;3;74;7.0;5
5605;11;19;1;64;15.0;13
5606;0;7;4;70;16.0;7
5608;3;12;0;42;26.0;8
5609;24;2;74;2;1.0;19
5610;0;19;0;41;16.0;15
5611;2;22;3;70;8.0;1
5612;4;21;3;86;8.0;16
5614;4;24;5;26;17.0;18
5615;2;21;3;61;26.0;10
5619;23;4;94;6;0.0;14
5621;24;0;2;2;0.0;54
5622;7;24;1;21;22.0;10
5623;7;24;3;19;19.0;0
5624;30;2;4;3;0.0;84
5625;48;0;4;7;1.0;102
5627;67;0;3;11;0.0;95
5629;26;0;48;7;0.0;16
5634;13;2;91;5;0.0;18
5635;20;0;73;1;2.0;3
5636;12;2;55;5;2.0;0
5638;3;3;72;1;1.0;1
5639;6;11;1;83;18.0;7
5643;16;1;121;4;2.0;21
5644;66;0;6;9;0.0;98
5647;3;19;2;31;25.0;3
5648;3;22;5;53;26.0;11
5649;12;1;126;0;0.0;0
5655;3;24;3;55;17.0;10
5658;14;20;2;16;15.0;2
5659;25;2;4;8;2.0;96
5661;29;1;80;6;2.0;19
5662;18;17;1;62;14.0;5
5663;1;15;2;79;13.0;2
5665;70;0;0;2;2.0;77
5666;4;23;1;39;13.0;2
5667;82;1;7;5;1.0;56
5669;84;1;3;3;0.0;57
5670;9;12;4;44;15.0;11
5671;70;2;3;6;2.0;83
5672;43;2;5;8;0.0;64
5675;7;2;78;4;1.0;10
5677;24;1;62;3;1.0;19
5681;11;20;4;35;11.0;1
5682;23;3;69;7;2.0;20
5683;0;13;4;40;12.0;12
5684;13;1;109;2;1.0;8
5686;14;23;2;84;19.0;16
5687;25;2;62;7;2.0;0
5688;76;1;6;3;2.0;61
5689;12;2;47;0;0.0;12
5690;14;17;5;31;15.0;10
5691;23;0;5;1;0.0;58
5694;74;0;6;11;0.0;51
5695;17;19;1;44;19.0;2
5696;5;19;0;30;13.0;9
5698;27;2;4;5;0.0;95
5700;35;0;116;7;0.0;19
5702;11;8;0;86;24.0;1
5704;84;2;5;4;0.0;87
5705;7;13;1;49;12.0;2
5706;10;20;0;29;9.0;18
5707;5;1;69;0;0.0;5
5708;53;2;2;4;0.0;70
5710;10;7;5;20;23.0;3
5712;12;11;1;52;11.0;11
5713;17;18;4;15;12.0;16
5714;12;24;5;75;23.0;6
5715;15;21;2;23;18.0;3
5719;17;12;3;31;16.0;3
5720;5;4;81;1;0.0;0
5721;19;13;2;27;26.0;11
5723;23;0;112;3;0.0;5
5724;15;7;4;48;20.0;0
5725;25;1;38;1;0.0;13
5726;17;23;2;57;20.0;9
5727;33;0;121;6;1.0;1
5729;7;10;1;30;13.0;4
5730;60;1;3;7;2.0;74
5732;60;1;5;5;0.0;67
5733;83;0;2;7;1.0;74
5735;3;22;3;45;11.0;17
5736;18;7;4;81;20.0;18
5737;15;3;118;7;1.0;8
5738;6;1;38;6;0.0;10
5740;19;22;3;83;14.0;12
5741;10;1;44;1;2.0;2
5742;1;22;2;83;11.0;11
5743;23;4;69;3;0.0;11
5748;7;3;84;7;2.0;9
5749;17;19;3;17;26.0;13
5750;58;0;5;4;0.0;86
5751;5;12;1;52;25.0;12
5752;13;16;0;34;26.0;19
5753;14;4;64;1;2.0;9
5754;5;2;103;6;0.0;15
5756;19;19;1;56;9.0;8
5763;34;4;117;1;2.0;7
5764;55;2;5;0;2.0;70
5765;68;1;2;11;1.0;86
5767;0;11;3;43;20.0;11
5768;19;21;3;80;9.0;12
5769;22;1;75;3;1.0;2
5770;23;2;0;11;1.0;71
5771;80;1;5;8;1.0;92
5772;33;4;78;2;1.0;18
5773;0;17;5;55;12.0;4
5776;3;10;4;32;19.0;6
5777;62;0;2;4;1.0;85
5778;40;0;2;2;0.0;80
5779;8;15;1;35;22.0;8
5780;37;1;6;1;1.0;98
5783;58;2;6;4;1.0;66
5786;69;2;3;11;1.0;73
5787;3;15;2;17;11.0;8
5789;13;23;1;19;14.0;16
5790;19;24;0;45;9.0;4
5791;10;9;3;72;16.0;13
5792;1;20;3;20;22.0;6
5793;19;1;92;7;2.0;2
5794;28;0;7;8;0.0;55
5796;57;1;6;11;1.0;67
5798;0;2;59;6;1.0;9
5800;7;24;0;68;22.0;1
5801;18;15;4;58;11.0;15
5802;6;1;117;6;2.0;11
5803;19;8;1;20;22.0;3
5804;11;2;46;7;2.0;2
5806;18;10;3;64;22.0;14
5808;3;21;0;87;16.0;15
5810;4;18;5;22;25.0;6
5812;1;3;53;5;1.0;9
5813;10;20;1;82;7.0;11
5814;61;0;6;6;0.0;89
5816;10;17;5;77;20.0;6
5817;3;4;95;6;2.0;20
5818;0;19;5;52;8.0;7
5819;84;0;7;11;1.0;59
5820;6;2;58;0;0.0;12
5821;75;2;0;8;2.0;74
5823;3;9;2;59;17.0;19
5826;80;0;5;2;2.0;75
5827;15;24;2;84;25.0;5
5828;3;18;1;74;12.0;9
5830;7;3;43;3;1.0;18
5831;70;0;4;5;0.0;71
5832;3;2;74;4;1.0;5
5833;36;1;41;5;1.0;1
5834;15;11;1;37;25.0;11
5836;24;3;85;1;2.0;8
5838;33;0;86;0;2.0;17
5839;17;20;0;26;23.0;9
5842;76;1;0;11;1.0;80
5843;4;21;2;88;11.0;2
5846;25;1;44;6;1.0;13
5848;58;0;6;11;0.0;101
5849;55;0;0;0;0.0;63
5850;12;0;100;0;0.0;21
5851;1;14;2;49;24.0;3
5855;2;11;1;57;14.0;4
5860;60;1;7;10;1.0;52
5861;50;0;0;2;0.0;55
5863;14;22;3;31;18.0;6
5864;34;2;7;10;2.0;75
5865;15;0;104;0;0.0;19
5866;75;2;0;11;2.0;93
5869;22;2;108;6;0.0;5
5871;6;16;2;31;15.0;0
5872;12;23;3;85;8.0;11
5873;32;2;46;5;2.0;11
5875;24;2;38;4;0.0;19
5876;33;0;90;6;0.0;17
5877;7;4;123;3;0.0;5
5878;18;23;4;27;16.0;14
5881;76;2;4;10;1.0;94
5882;4;21;3;85;25.0;8
5883;13;13;5;36;18.0;0
5884;5;15;5;82;18.0;1
5887;52;1;5;8;2.0;57
5889;6;4;111;3;1.0;1
5890;54;0;6;8;1.0;60
5891;10;3;104;4;2.0;6
5893;25;0;53;6;1.0;2
5895;25;2;7;6;2.0;77
5897;14;20;3;76;10.0;10
5898;14;4;86;2;0.0;4
5899;17;2;68;0;1.0;20
5900;6;3;87;0;0.0;17
5901;19;20;0;87;9.0;10
5903;6;0;45;4;1.0;4
5904;54;1;3;3;1.0;67
5907;50;0;3;11;0.0;90
5909;3;2;74;4;1.0;18
5910;37;2;7;10;0.0;50
5911;14;15;5;73;18.0;10
5912;27;2;7;3;0.0;100
5913;3;14;5;28;25.0;7
5914;21;3;97;3;0.0;7
5916;28;1;5;9;0.0;102
5918;6;13;1;44;15.0;0
5920;11;20;2;44;26.0;18
5922;49;0;6;7;0.0;68
5924;16;18;1;16;9.0;9
5926;2;17;5;20;17.0;12
5927;21;2;96;3;1.0;21
5928;15;0;66;0;1.0;2
5929;5;11;0;86;21.0;12
5930;12;14;5;23;16.0;3
5931;0;21;2;60;26.0;17
5936;44;2;0;3;1.0;61
5937;1;14;5;35;7.0;15
5938;17;23;2;37;12.0;6
5939;30;4;100;0;1.0;18
5940;4;7;2;80;26.0;1
5941;10;20;3;88;25.0;11
5942;80;2;7;2;2.0;69
5944;58;0;6;1;0.0;94
5946;59;1;3;11;1.0;83
5947;54;1;6;4;0.0;65
5948;2;15;4;73;18.0;0
5949;16;13;4;56;12.0;9
5950;13;24;1;87;10.0;14
5951;18;24;1;29;14.0;19
5952;27;0;5;7;0.0;94
5953;6;12;1;29;25.0;12
5954;19;1;48;5;0.0;10
5955;1;23;1;87;15.0;4
5956;4;12;1;25;10.0;18
5957;15;18;3;48;26.0;9
5960;23;2;5;9;2.0;73
5961;29;1;126;6;1.0;14
5965;17;4;71;1;1.0;19
5968;7;18;0;55;26.0;19
5969;33;4;88;7;0.0;6
5970;8;18;4;29;20.0;15
5974;70;1;5;3;1.0;72
5977;45;2;1;4;0.0;75
5978;18;23;4;40;11.0;19
5979;10;10;0;25;15.0;1
5980;40;1;5;0;1.0;56
5981;0;8;1;88;20.0;18
5982;60;1;7;11;1.0;78
5984;18;19;1;57;23.0;9
5985;12;18;1;47;19.0;12
5988;16;14;2;52;19.0;5
5989;10;12;3;37;16.0;14
5994;72;2;7;2;2.0;69
5996;38;1;2;10;1.0;84
5998;6;3;103;1;1.0;9
5999;34;1;0;7;1.0;86
6000;7;15;4;36;15.0;5
6002;56;1;4;8;0.0;57
6003;0;19;4;51;14.0;18
6004;58;1;6;6;2.0;79
6005;16;21;5;79;9.0;10
6009;11;11;2;74;8.0;4
6014;17;4;77;0;1.0;6
6016;10;19;4;16;17.0;9
6018;6;17;0;29;13.0;19
6019;80;1;2;10;1.0;63
6020;10;2;56;0;1.0;14
6021;14;3;101;0;2.0;7
6023;14;21;2;69;16.0;19
6025;19;11;4;65;10.0;9
6026;28;0;2;1;1.0;53
6028;6;15;1;16;26.0;19
6029;18;14;2;51;18.0;17
6032;12;13;3;22;20.0;1
6033;29;0;94;4;1.0;0
6034;2;12;0;55;23.0;4
6035;66;0;5;11;1.0;81
6036;64;1;3;3;0.0;52
6037;23;2;107;2;0.0;17
6040;7;3;114;7;0.0;8
6041;18;0;62;0;0.0;0
6042;3;23;3;45;9.0;15
6044;30;1;103;0;0.0;1
6045;26;0;97;5;2.0;1
6046;55;2;5;2;2.0;73
6047;6;4;106;4;1.0;11
6049;26;4;121;6;2.0;15
6051;6;4;102;7;1.0;21
6053;4;21;4;32;17.0;8
6054;4;0;92;5;2.0;2
6055;3;13;1;15;16.0;13
6056;11;18;5;24;12.0;11
6057;86;2;2;0;0.0;77
6060;20;1;105;7;0.0;19
6061;6;12;1;63;9.0;19
6063;63;2;3;1;2.0;97
6064;36;0;5;8;2.0;98
6067;8;8;2;47;7.0;2
6070;41;1;5;2;2.0;72
6071;62;2;2;0;1.0;53
6074;6;8;2;27;18.0;3
6075;3;9;1;44;7.0;6
6081;86;2;6;3;1.0;75
6082;10;0;80;0;0.0;11
6088;77;2;6;8;1.0;101
6089;10;24;2;21;22.0;1
6090;12;21;0;56;26.0;5
6091;11;11;5;61;14.0;9
6092;64;2;0;1;1.0;64
6093;39;1;2;2;2.0;93
6094;84;1;0;3;0.0;82
6099;44;1;6;8;0.0;61
6100;36;0;4;7;1.0;71
6102;12;13;2;54;21.0;0
6103;16;0;84;2;2.0;8
6104;85;2;0;8;0.0;60
6106;12;0;76;6;1.0;7
6107;12;4;64;2;0.0;9
6108;24;2;2;2;0.0;77
6109;9;3;65;5;0.0;13
6110;51;0;1;2;0.0;82
6111;10;15;5;42;19.0;19
6112;9;12;4;77;13.0;16
6117;17;20;0;59;20.0;11
6120;15;11;0;40;26.0;1
6122;48;1;4;1;0.0;61
6123;5;15;2;79;8.0;5
6124;6;9;3;43;18.0;5
6125;2;11;5;22;18.0;17
6126;52;0;4;0;0.0;76
6129;16;23;0;40;23.0;1
6130;45;0;2;1;1.0;89
6131;23;0;2;9;1.0;68
6132;14;4;113;6;2.0;3
6133;16;18;3;64;22.0;12
6134;39;0;3;10;0.0;64
6135;18;8;5;33;26.0;1
6136;13;8;2;46;12.0;16
6138;24;2;0;11;1.0;101
6139;10;21;3;85;19.0;5
6140;9;22;0;50;24.0;2
6143;85;2;2;7;0.0;59
6144;15;13;3;57;17.0;14
6145;28;3;71;6;2.0;9
6147;9;7;3;28;8.0;0
6148;33;0;116;2;0.0;8
6149;6;1;110;0;0.0;4
6151;86;2;0;1;1.0;91
6152;7;11;1;51;21.0;17
6155;19;3;65;1;2.0;12
6158;18;14;0;71;11.0;4
6159;11;8;5;44;14.0;5
6160;50;1;4;1;2.0;81
6166;14;8;4;66;17.0;1
6167;10;3;101;1;0.0;18
6168;38;1;1;2;1.0;59
6170;59;2;1;7;1.0;80
6172;19;24;3;49;16.0;4
6173;1;20;1;88;9.0;3
6175;3;21;4;28;21.0;16
6177;13;21;4;37;10.0;7
6179;2;16;5;27;15.0;16
6181;13;4;106;1;0.0;0
6182;12;18;0;65;21.0;7
6183;4;15;3;24;17.0;6
6185;77;2;3;9;2.0;69
6187;36;2;82;1;2.0;0
6188;47;0;4;11;1.0;67
6189;19;13;2;55;22.0;4
6191;35;4;44;4;1.0;12
6192;61;1;1;5;1.0;96
6196;36;4;67;5;2.0;4
6198;3;15;3;54;7.0;5
6199;83;1;3;1;0.0;94
6201;3;19;2;78;17.0;10
6203;10;23;3;36;13.0;1
6204;11;4;94;6;0.0;3
6205;32;4;120;1;2.0;14
6208;4;0;103;3;2.0;21
6209;65;0;3;8;0.0;96
6211;9;15;0;79;20.0;19
6216;8;4;38;7;1.0;4
6217;8;18;3;34;21.0;12
6219;51;0;4;9;1.0;89
6220;2;12;1;81;24.0;3
6221;6;15;3;35;13.0;12
6222;27;4;95;3;1.0;16
6224;84;0;5;0;0.0;101
6225;21;1;69;3;1.0;16
6226;18;20;2;87;23.0;14
6227;31;1;102;0;0.0;11
6229;64;2;3;0;0.0;50
6230;15;7;3;20;24.0;12
6232;12;11;2;19;14.0;16
6235;73;0;4;6;1.0;56
6236;6;4;51;4;2.0;4
6237;32;1;50;1;2.0;1
6239;27;0;2;5;0.0;81
6240;9;10;1;39;14.0;13
6243;19;21;4;61;13.0;4
6244;54;1;1;4;2.0;86
6245;13;3;39;2;2.0;21
6246;2;11;4;34;8.0;9
6247;54;2;6;4;0.0;59
6248;15;9;5;33;12.0;4
6249;7;12;5;40;23.0;13
6251;12;22;0;54;15.0;10
6252;15;19;4;59;8.0;10
6253;59;1;1;6;2.0;63
6254;44;2;0;9;1.0;75
6256;7;23;3;82;25.0;11
6262;14;2;120;6;2.0;21
6263;13;18;3;16;21.0;19
6264;31;1;88;5;1.0;1
6265;34;1;44;5;2.0;9
6267;80;0;1;7;1.0;95
6268;58;0;0;3;1.0;93
6269;17;20;1;55;19.0;15
6270;60;1;5;11;1.0;78
6271;1;16;2;19;21.0;19
6272;0;14;3;58;12.0;6
6273;18;1;79;2;1.0;5
6276;5;15;5;33;21.0;5
6277;42;0;6;3;0.0;97
6282;2;24;3;77;24.0;2
6283;10;8;0;51;11.0;8
6286;78;0;3;2;2.0;96
6287;7;19;1;52;23.0;1
6288;74;2;0;11;0.0;65
6290;71;0;4;2;2.0;65
6293;16;23;2;45;9.0;9
6294;14;15;4;77;25.0;9
6295;85;0;3;7;2.0;74
6296;17;3;49;1;0.0;2
6297;8;13;2;33;8.0;16
6299;17;4;97;1;1.0;5
6300;30;2;1;1;1.0;63
6301;65;2;0;10;2.0;96
6305;0;7;0;80;10.0;3
6306;9;7;1;87;9.0;9
6307;77;0;0;9;0.0;91
6308;2;13;5;45;7.0;6
6309;9;12;3;83;8.0;3
6310;38;2;2;0;1.0;60
6312;8;20;5;82;7.0;4
6314;17;21;2;58;25.0;12
6318;69;0;2;4;0.0;90
6320;5;11;1;30;22.0;10
6321;7;12;3;77;9.0;17
6322;5;1;80;1;1.0;16
6324;6;13;5;23;17.0;13
6327;14;7;2;44;19.0;4
6328;7;17;2;73;24.0;9
6330;3;23;4;50;18.0;18
6335;11;19;4;38;10.0;8
6338;18;4;40;5;2.0;5
6339;2;4;37;2;0.0;21
6341;16;9;0;66;25.0;18
6342;13;15;3;32;25.0;0
6343;14;12;1;31;23.0;1
6345;59;2;3;2;0.0;69
6346;29;2;1;1;1.0;72
6348;52;2;6;2;2.0;66
6349;59;2;5;3;1.0;64
6350;3;9;3;15;22.0;6
6352;5;10;3;63;17.0;3
6354;1;4;96;2;1.0;6
6355;13;11;1;45;22.0;14
6356;0;4;85;1;2.0;3
6357;17;18;3;70;15.0;18
6359;7;7;1;49;24.0;6
6361;26;3;55;1;0.0;8
6363;18;7;5;51;22.0;9
6364;11;14;2;36;10.0;18
6367;2;15;5;58;17.0;2
6371;0;1;53;2;0.0;19
6373;67;0;5;5;1.0;82
6374;80;2;3;4;0.0;98
6375;82;2;0;11;2.0;98
6378;48;0;1;7;2.0;51
6379;47;0;3;3;1.0;78
6384;68;1;3;5;1.0;64
6387;0;12;0;56;21.0;19
6389;2;16;2;71;25.0;5
6390;48;0;6;4;2.0;82
6391;11;3;88;2;1.0;0
6393;57;0;7;9;2.0;66
6395;15;16;1;47;20.0;6
6397;46;0;0;3;1.0;101
6398;8;2;116;5;0.0;5
6402;12;16;0;37;13.0;11
6404;31;0;2;2;2.0;96
6406;75;2;4;11;2.0;75
6407;8;17;4;78;21.0;19
6411;70;0;1;11;0.0;95
6412;19;3;94;6;0.0;10
6413;12;11;2;49;13.0;18
6414;33;1;109;1;0.0;13
6415;63;2;0;0;0.0;60
6416;14;10;2;74;20.0;5
6417;5;8;3;65;15.0;13
6418;15;1;61;5;0.0;15
6422;19;13;2;71;15.0;1
6423;16;16;5;73;15.0;18
6424;31;4;71;1;2.0;0
6425;37;0;4;3;2.0;69
6426;21;3;86;2;0.0;0
6427;16;4;80;3;0.0;17
6429;19;22;5;33;21.0;9
6431;3;12;5;22;25.0;6
6432;25;1;4;8;0.0;77
6435;16;1;62;7;2.0;17
6436;4;20;1;55;11.0;10
6437;18;0;56;4;1.0;18
6438;18;7;3;63;11.0;19
6441;19;1;97;5;2.0;16
6447;41;0;1;8;0.0;59
6448;14;2;42;3;2.0;10
6449;9;12;0;47;21.0;13
6451;5;23;1;27;13.0;2
6452;36;1;62;0;0.0;0
6453;73;1;6;9;1.0;87
6454;26;0;63;1;1.0;10
6455;69;2;3;5;0.0;52
6456;19;19;3;33;18.0;18
6458;18;24;4;76;15.0;4
6463;77;0;4;6;2.0;79
6465;30;0;6;2;2.0;97
6466;10;20;4;26;13.0;16
6469;75;0;6;7;1.0;88
6470;2;22;4;75;20.0;5
6471;13;8;4;62;25.0;7
6472;32;2;3;0;0.0;93
6474;14;13;3;67;18.0;12
6475;5;24;1;15;8.0;10
6476;10;4;123;0;0.0;6
6477;59;2;4;8;1.0;52
6479;5;2;52;0;2.0;16
6480;34;0;39;1;1.0;6
6482;19;4;89;2;2.0;7
6484;45;2;3;11;1.0;51
6486;11;20;1;55;14.0;0
6487;39;0;3;2;0.0;74
6488;26;0;7;4;1.0;62
6489;13;14;1;83;22.0;13
6491;17;13;2;22;21.0;7
6492;34;1;2;1;2.0;53
6495;12;17;0;15;11.0;11
6496;10;10;2;25;21.0;15
